date,high,low,open,close,volume
2017-07-21,29.3600,26.9200,26.9200,29.3600,7374
2017-07-24,32.3000,32.3000,32.3000,32.3000,4678
2017-07-25,35.5300,35.5300,35.5300,35.5300,4504
2017-07-26,39.0800,39.0800,39.0800,39.0800,7239
2017-07-27,42.9900,42.9900,42.9900,42.9900,107964
2017-07-28,46.9900,42.6200,46.9900,43.0400,12185095
2017-07-31,41.4500,40.1100,41.0000,40.2300,7973588
2017-08-01,40.9800,39.0500,40.2100,40.8000,6476474
2017-08-02,40.8000,39.6300,40.2500,39.8400,4066787
2017-08-03,40.4600,38.6200,39.2700,40.0100,4308528
2017-08-04,39.8800,38.7000,39.6000,38.8400,3208548
2017-08-07,39.5400,38.2500,38.9000,38.3000,2274956
2017-08-08,38.4200,36.7100,38.1500,36.9700,3028712
2017-08-09,37.3700,36.5000,36.5000,36.9800,1761821
2017-08-10,37.1400,35.3100,36.9000,35.4800,2616732
2017-08-11,35.2900,34.5200,35.0100,34.6100,2086785
2017-08-14,35.5000,35.1300,35.1300,35.1300,1945729
2017-08-15,35.9800,35.1300,35.2500,35.8900,3151780
2017-08-16,37.7500,35.9500,36.0000,37.3300,7068964
2017-08-17,37.2100,36.6700,37.1500,36.8000,3499494
2017-08-18,37.0000,36.1500,36.4900,36.9500,2280425
2017-08-21,38.4600,37.0700,37.2200,38.4200,3893046
2017-08-22,39.6000,37.8800,38.5000,38.5400,4749820
2017-08-23,39.4800,37.7100,38.2800,39.1600,4613116
2017-08-24,40.3800,38.0800,38.8600,38.0800,6246869
2017-08-25,39.9900,37.7000,37.7400,39.8000,5812038
2017-08-28,43.7800,40.3000,40.3000,43.7800,8426145
2017-08-29,48.1000,42.8000,44.0000,44.1000,11122597
2017-08-30,46.8000,42.8100,43.0000,45.9100,8966588
2017-08-31,47.7900,45.3300,45.3300,46.5600,7586993
2017-09-01,47.0000,44.5100,46.6400,44.7800,6050539
2017-09-04,44.5300,42.8000,44.5000,43.4500,4740873
2017-09-05,44.3000,43.3000,43.4500,43.6100,3461034
2017-09-06,42.8900,41.4300,42.8800,42.4400,4392404
2017-09-07,43.4400,42.0100,42.3900,42.4400,3561869
2017-09-08,44.4600,42.0500,42.1500,43.3900,4818605
2017-09-11,44.8000,43.0100,43.3000,44.7700,3945541
2017-09-12,44.7500,42.5200,44.3900,42.5200,4028035
2017-09-13,43.8100,42.5300,42.5300,43.6200,2422549
2017-09-14,45.0800,43.0100,43.6100,44.9500,4805153
2017-09-15,46.0000,43.8800,44.5200,44.1700,4677760
2017-09-18,45.0000,42.1200,43.0000,44.8400,3395786
2017-09-19,46.5500,44.5800,44.5800,45.2300,4651575
2017-09-20,46.8800,44.3000,45.0000,46.8800,4832199
2017-09-21,47.5300,44.6000,46.7000,44.6700,4454297
2017-09-22,47.4700,44.1000,44.2900,47.3800,5026094
2017-09-25,48.2400,46.5100,47.0000,46.6300,3881817
2017-09-26,46.7600,43.1100,46.3100,43.7800,4456873
2017-09-27,44.6700,43.3500,43.3500,44.1700,2068957
2017-09-28,45.3100,44.0100,44.0100,44.2800,2158396
2017-09-29,44.6800,43.1300,44.1600,43.4400,2640485
2017-10-09,44.1700,43.3400,44.0000,43.8600,1329112
2017-10-10,48.2500,43.7100,43.8500,48.2500,7950115
2017-10-11,52.5800,48.7500,50.0000,50.2900,13075928
2017-10-12,50.5900,47.2700,49.6000,50.4300,6969561
2017-10-13,55.4700,53.8000,54.5800,55.4700,4028201
2017-10-16,57.8000,53.0800,56.0200,55.0100,10165374
2017-10-17,56.4700,53.2200,54.1500,56.2300,6821380
2017-10-18,56.5100,52.5800,55.6200,52.7000,5851209
2017-10-19,56.5300,52.7000,53.0000,54.5400,5961338
2017-10-20,59.5900,53.2600,54.2200,57.5000,6871321
2017-10-23,59.3200,56.9100,57.2000,58.5200,4934457
2017-10-24,58.5000,55.9800,58.0000,57.7800,4023987
2017-10-25,61.3900,57.0100,57.4800,60.7400,4824297
2017-10-26,61.6300,59.0700,61.0000,60.1100,4207071
2017-10-27,62.0900,59.5100,59.9800,59.9100,3659155
2017-10-30,61.8400,57.6100,59.9900,60.9300,4315611
2017-10-31,61.2800,59.5600,60.4000,60.3400,3353973
2017-11-01,62.2600,59.6200,60.0400,60.1500,4735275
2017-11-02,63.0000,59.5500,59.9000,60.4000,4114739
2017-11-03,59.8500,57.4400,59.2800,57.8700,3555702
2017-11-06,59.6700,58.2000,58.7000,59.1900,2300218
2017-11-07,62.2000,58.8100,59.8800,61.5100,4027560
2017-11-08,62.9000,60.6100,61.5200,60.7900,3132513
2017-11-09,61.5800,60.6000,61.0200,61.2900,1938303
2017-11-10,64.8000,61.0800,61.3500,63.1500,3894577
2017-11-13,67.6200,63.8600,64.1100,66.2800,3782317
2017-11-14,66.4600,64.5600,66.0000,65.2200,2839729
2017-11-15,66.2900,64.0800,65.2200,65.8000,2759813
2017-11-16,65.6500,62.7000,64.9900,63.5400,2428089
2017-11-17,63.9900,58.3700,63.5400,58.7500,2897390
2017-11-20,63.4500,60.0000,60.0000,63.4000,3072293
2017-11-21,63.3500,57.0600,63.3500,58.9000,5427067
2017-11-22,59.3500,56.1800,58.0000,57.9000,2786071
2017-11-23,57.9000,54.0200,57.9000,54.8000,3168616
2017-11-24,56.3800,54.1200,54.5000,54.9600,1889555
2017-11-27,55.5000,52.7800,54.6600,53.0700,2127360
2017-11-28,55.8000,53.6000,54.0200,55.8000,2043942
2017-11-29,57.7500,54.0400,55.3800,57.4700,2506319
2017-11-30,58.0800,55.8000,57.0000,56.7400,2226354
2017-12-01,58.9800,56.6600,56.6600,57.4200,2012206
2017-12-04,55.8000,51.6800,55.8000,51.6800,3198137
2017-12-05,51.7700,48.6000,50.9000,49.1700,2552699
2017-12-06,50.8700,48.8800,49.3000,50.8000,1768539
2017-12-07,50.9000,49.8500,50.3100,50.4800,1092639
2017-12-08,51.9500,50.3100,50.5000,51.2000,1691152
2017-12-11,51.5000,50.3300,51.2000,51.3400,1461474
2017-12-12,51.2700,47.5000,51.0700,48.3600,2315050
2017-12-13,53.2000,49.9500,49.9500,53.2000,6351007
2017-12-14,53.5000,51.7100,52.3700,52.8500,4510499
2017-12-15,53.9000,52.4800,52.9300,52.5100,2984712
2017-12-18,52.8000,50.6000,52.4100,52.0200,2322836
2017-12-19,52.8900,51.6000,51.8000,52.6600,1940221
2017-12-20,52.9300,51.6000,52.2900,51.6800,1613185
2017-12-21,52.3500,50.0100,51.0900,51.7500,2139177
2017-12-22,53.4800,51.4100,51.6100,52.1500,1802466
2017-12-25,51.8600,50.1200,51.8600,51.3900,1631231
2017-12-26,54.2500,51.1300,51.3600,53.2800,3058085
2017-12-27,53.6800,52.1500,53.6400,52.2900,2210562
2017-12-28,53.1800,51.4900,52.0000,51.7000,2298858
2017-12-29,52.5500,51.1900,51.8000,52.5500,1668737
2018-01-02,57.6000,54.1800,54.5000,55.0500,4973527
2018-01-03,59.4800,54.8800,54.9900,57.9100,4963725
2018-01-04,57.9000,56.8000,57.3300,57.6400,3099198
2018-01-05,59.6600,57.5500,57.8000,59.3000,3461429
2018-01-08,60.4800,58.2600,59.8000,59.4000,2631326
2018-01-09,59.5500,58.6200,59.0100,59.0300,1804660
2018-01-10,59.0000,56.7000,59.0000,57.9400,2365884
2018-01-11,58.2900,56.8500,57.0000,57.1400,1754707
2018-01-12,57.8700,56.1200,57.1400,57.1200,1710110
2018-01-15,58.0000,55.2500,56.9200,55.4000,2382136
2018-01-16,58.4000,55.6000,55.6000,58.3500,2432857
2018-01-17,59.5000,57.4500,58.2600,59.4700,2525762
2018-01-18,59.4500,58.2200,59.2300,59.2100,1623372
2018-01-19,61.4300,59.0000,59.0000,59.8500,2270531
2018-01-22,59.4200,57.5000,59.0000,59.0700,1887073
2018-01-23,59.4900,58.4500,58.8000,59.0400,1133180
2018-01-24,59.8800,58.2800,59.1300,58.7700,1888578
2018-01-25,58.4800,57.3600,58.4800,57.8000,1639339
2018-01-26,57.5900,54.8000,57.5600,54.9500,2900999
2018-01-29,54.9700,52.7900,54.6100,53.2200,1838768
2018-01-30,54.1300,52.6600,53.2000,53.1500,944800
2018-01-31,58.4700,58.4700,58.4700,58.4700,565382
2018-02-01,64.3200,62.0800,64.3200,64.3200,13854646
2018-02-02,65.0000,61.8000,63.9800,63.5000,7022744
2018-02-05,62.7300,59.3300,62.1200,60.9000,4740203
2018-02-06,59.3000,54.8100,58.0000,55.0000,4812536
2018-02-07,60.5000,56.1800,56.5900,60.3900,6428168
2018-02-08,61.5000,59.0500,59.4800,60.0300,3671349
2018-02-09,62.1100,57.0500,58.0000,60.1800,4171746
2018-02-12,66.2000,60.8000,61.2000,66.2000,3871516
2018-02-13,68.9900,65.4200,68.5000,66.8500,4494280
2018-02-14,68.1900,66.2900,67.2000,67.5600,2966081
2018-02-22,72.0000,66.2800,69.4400,66.5000,4771220
2018-02-23,70.8800,66.7800,66.8400,69.0000,5146774
2018-02-26,75.9000,69.6600,69.9500,75.9000,5516559
2018-02-27,75.8800,72.7500,74.2300,74.7900,5272163
2018-02-28,74.7800,72.0100,73.7900,73.3000,4343902
2018-03-01,75.4500,71.3900,73.1000,73.5000,4103146
2018-03-02,74.5000,72.0000,72.5000,73.1000,2206421
2018-03-05,76.4100,72.3600,73.3800,76.0000,3325553
2018-03-06,77.4900,72.4000,75.8800,72.9000,3695878
2018-03-07,75.5800,72.0000,72.7000,73.0000,3347593
2018-03-08,72.9900,69.7200,72.4000,70.9600,4437421
2018-03-09,72.1400,70.2600,71.1400,71.8000,3531432
2018-03-12,75.2800,72.6500,73.3500,73.5100,4211616
2018-03-13,78.8500,72.5200,73.5100,77.1000,5503138
2018-03-14,77.4500,71.5500,76.6600,72.4000,5028388
2018-03-15,70.9900,65.1600,70.9800,67.8800,5384509
2018-03-16,68.8600,66.5100,67.9900,66.6600,2630772
2018-03-19,71.5000,66.8000,67.0000,70.4000,3681745
2018-03-20,73.1000,69.3300,70.0000,73.1000,3447896
2018-03-21,74.9300,69.0600,73.8000,70.0600,3349698
2018-03-22,73.9800,70.0000,71.4800,73.0000,3153753
2018-03-23,71.6800,66.6800,67.0000,67.9000,4219735
2018-03-26,73.3400,66.2600,67.1100,73.0800,3656720
2018-03-27,77.8800,73.0000,73.9000,75.1900,4778437
2018-03-28,76.8500,73.5000,73.9800,74.9300,4256718
2018-03-29,75.6600,71.5000,75.0300,74.3300,4341078
2018-03-30,75.3500,72.5600,74.1500,72.7500,5767508
2018-04-02,70.9800,66.6600,70.0000,68.0800,5380272
2018-04-03,68.3700,65.3000,66.8000,68.1000,2893229
2018-04-04,69.0000,66.1200,68.4000,66.7000,3013200
2018-04-09,65.0000,62.1600,64.0000,64.0600,3043118
2018-04-10,65.5000,62.8800,63.8800,64.6000,2481754
2018-04-11,69.5700,65.5900,65.6600,68.1700,4764255
2018-04-12,68.0000,64.0000,68.0000,64.2200,3793377
2018-04-13,66.4000,64.2000,65.4900,64.8500,2492280
2018-04-16,63.7000,61.7700,63.1500,63.4200,2250000
2018-04-17,63.9000,58.0000,63.0000,58.0100,2750521
2018-04-18,59.5000,55.8900,58.8000,59.0000,2534795
2018-04-19,59.7800,58.1000,58.8600,58.5100,2230400
2018-04-20,58.5100,54.1700,58.1100,54.6900,2720882
2018-04-23,57.4600,54.6000,56.3600,55.6600,2511129
2018-04-24,59.4000,53.0000,53.0000,59.2000,3737519
2018-04-25,60.6000,58.0100,59.8500,60.1500,3732444
2018-04-26,60.6000,56.1000,60.6000,56.3300,3105700
2018-04-27,29.9400,26.5900,28.8700,28.7200,7536190
2018-05-02,29.8700,28.1000,28.5500,28.8300,6197412
2018-05-03,29.0000,26.9700,28.5000,28.7500,6458488
2018-05-04,31.6300,28.6000,28.9300,30.7200,12407086
2018-05-07,31.1800,29.6800,30.1000,30.9400,10097308
2018-05-08,32.3000,30.3200,30.5000,32.1000,12471526
2018-05-09,32.7700,30.9200,31.8000,31.3000,8772294
2018-05-10,31.9000,30.8100,31.2600,31.3300,6617480
2018-05-11,31.5000,29.3800,31.3500,29.4200,6542800
2018-05-14,29.3800,27.8100,29.0300,28.2200,5070982
2018-05-15,28.9800,27.9700,28.3700,28.9500,3952316
2018-05-16,30.0000,28.4000,28.8000,29.0100,5579152
2018-05-17,29.1200,28.3500,28.7200,28.7500,3700878
2018-05-18,28.9800,28.1200,28.9000,28.4100,3245378
2018-05-21,29.0700,28.4000,28.8200,28.8600,3600686
2018-05-22,29.8300,28.6600,28.9100,29.6600,5565010
2018-05-23,31.4700,29.3300,29.6300,30.4400,10746198
2018-05-24,31.0000,29.6700,29.8600,30.4100,7489442
2018-05-25,30.3900,29.0100,30.0800,29.1700,5396004
2018-05-28,29.3000,28.2000,29.1500,28.4900,3621112
2018-05-29,28.8800,27.5000,28.4900,27.5000,3215100
2018-05-30,26.5900,24.7500,26.5900,24.7500,5854765
2018-05-31,25.3500,24.6600,25.1100,25.1600,3216905
2018-06-01,25.1000,23.1600,24.9300,23.6400,4139896
2018-06-04,24.2000,23.7100,24.0800,23.9100,2306655
2018-06-05,25.2400,23.8900,24.1300,25.0200,3717920
2018-06-06,25.7700,24.8000,24.8000,25.3000,3663619
2018-06-07,25.4000,24.3200,25.3000,24.4600,3006800
2018-06-08,24.6800,23.8100,24.3200,24.5000,2551000
2018-06-11,24.6300,23.9200,24.5900,24.1000,1746300
2018-06-12,24.3600,23.1800,24.1500,24.2800,2395578
2018-06-13,24.0500,22.9900,24.0500,23.0800,2522178
2018-06-14,23.6000,22.7900,22.8100,23.2000,2566500
2018-06-15,23.4200,21.8700,23.2700,21.9200,2964990
2018-06-19,21.5000,19.7900,21.5000,20.1200,3238720
2018-06-20,20.8000,19.8200,19.8200,20.6600,2842164
2018-06-21,20.8700,19.6200,20.5600,19.6400,2593700
2018-06-22,20.3800,19.3200,19.5100,20.3300,2672674
2018-06-25,21.1700,20.1800,20.3800,20.3400,2396578
2018-06-26,21.0000,19.8000,20.0000,21.0000,2948900
2018-06-27,21.4400,20.9000,21.2100,21.0600,3534256
2018-06-28,21.2900,20.6400,20.8200,20.9000,2619100
2018-06-29,22.9900,21.9900,21.9900,22.9900,2491208
2018-07-02,25.2900,24.5100,25.0000,25.2900,4578314
2018-07-03,27.8200,27.8200,27.8200,27.8200,1348277
2018-07-04,28.5000,25.0400,28.4200,25.1400,16728523
2018-07-05,24.3900,22.6300,24.1300,22.6700,11029828
2018-07-06,23.2000,21.7000,22.7500,22.1500,8650664
2018-07-09,23.8800,22.2500,22.2700,23.2700,7762295
2018-07-10,25.6000,22.5500,22.7500,25.6000,7970666
2018-07-11,28.1500,25.4000,26.2000,26.7000,16848235
2018-07-12,27.4800,25.9300,27.0800,26.7000,13419355
2018-07-13,26.0600,25.0500,25.6000,25.3600,9088933
2018-07-16,25.9600,24.1300,25.2200,25.6900,6926155
2018-07-17,25.5000,24.5500,25.1100,25.0900,5038151
2018-07-18,25.5500,24.3000,25.0800,25.2700,7111524
2018-07-19,27.8000,24.8000,24.8000,27.0300,19936226
2018-07-20,26.7000,25.1200,25.8800,26.0800,15299126
2018-07-23,24.6000,23.6500,23.6700,23.8200,10781720
2018-07-24,24.7900,23.7000,24.1500,24.3800,6943036
2018-07-25,24.1500,23.0700,23.8000,23.1400,8018940
2018-07-26,23.0300,22.4700,22.7900,22.4800,4578498
2018-07-27,23.3800,22.6000,22.6600,22.9500,5019364
2018-07-30,23.4900,22.6100,22.9400,22.8500,3701719
2018-07-31,22.6800,21.3600,22.5100,21.8300,4536063
2018-08-01,22.1700,21.4000,21.7800,21.5100,2705556
2018-08-02,21.4100,19.6800,21.4000,20.5200,4086531
2018-08-03,21.3500,20.3300,20.4400,20.7300,2977620
2018-08-06,20.4700,19.6100,20.4700,19.9000,2375820
2018-08-07,19.4600,17.9100,19.1000,18.7400,6367834
2018-08-08,18.4500,16.8700,18.4500,16.8700,5328815
2018-08-09,17.5000,16.3200,16.7000,17.1200,3880090
2018-08-10,18.8300,17.4900,17.5100,18.8300,3863926
2018-08-13,19.5000,18.4100,19.5000,18.6700,6621639
2018-08-14,19.1400,18.6100,19.1400,18.7700,3485348
2018-08-15,19.4600,18.5100,18.9000,18.7300,4666587
2018-08-16,19.8500,18.1200,18.6800,18.9600,5426689
2018-08-17,18.8800,17.3000,18.5800,17.5000,5102353
2018-08-20,18.5200,17.6200,17.6700,18.0300,3400446
2018-08-21,18.3900,17.9600,17.9600,18.1500,3233346
2018-08-22,19.4200,18.2000,18.4200,18.3100,4523911
2018-08-23,18.5900,17.8700,17.8800,18.2500,3370711
2018-08-24,18.6700,18.2000,18.4700,18.2700,3064917
2018-08-27,18.7100,18.0500,18.2600,18.6000,3443900
2018-08-28,18.7500,18.2500,18.6600,18.5400,2833606
2018-08-29,18.6400,18.1000,18.5400,18.2200,1864800
2018-08-30,18.2400,17.3200,18.0300,17.3200,3170508
2018-08-31,17.5500,17.0000,17.2200,17.2200,2066100
2018-09-03,17.3000,16.4400,17.0400,17.1000,2485300
2018-09-04,17.2300,16.8800,17.2100,17.1600,2164700
2018-09-05,17.3000,16.6200,17.1800,16.6400,2705600
2018-09-06,16.8300,16.5100,16.5100,16.7000,2454076
2018-09-07,17.8400,16.8000,16.9500,16.9700,4161364
2018-09-10,16.8700,16.1300,16.5100,16.2400,3236960
2018-09-11,16.4700,16.0000,16.1100,16.4500,1771200
2018-09-12,16.6600,16.2300,16.4500,16.5100,2259432
2018-09-13,16.8300,15.9100,16.6700,16.4100,2603299
2018-09-14,16.4900,15.8600,16.4100,15.8600,2052400
2018-09-17,16.1300,15.8500,15.9000,16.0600,2029000
2018-09-18,16.1600,15.6200,15.6200,16.1600,2224245
2018-09-19,16.4000,15.8800,16.0200,16.2300,2681657
2018-09-20,16.3500,16.1300,16.3300,16.2800,1839264
2018-09-21,16.5500,16.2500,16.3800,16.5100,2458599
2018-09-25,16.4500,16.1100,16.4500,16.1900,1665200
2018-09-26,16.4000,16.1300,16.2000,16.2900,1465199
2018-09-27,16.9500,16.1200,16.3100,16.3800,3829300
2018-09-28,16.6000,16.1200,16.3400,16.5200,2335400
2018-10-08,17.5800,16.2000,16.2000,16.9400,4986059
2018-10-09,18.6300,16.7000,17.0900,18.0600,8630188
2018-10-10,17.8400,17.3300,17.6400,17.5900,5247565
2018-10-11,18.6900,16.7100,16.8500,18.3700,10943885
2018-10-12,19.6600,17.4100,17.8200,18.9400,11089604
2018-10-15,18.9800,18.4200,18.5600,18.5800,6068698
2018-10-16,18.5600,17.5500,18.4300,17.8700,5325234
2018-10-17,18.1800,17.4400,18.0100,17.8400,4215926
2018-10-18,17.7900,16.0600,17.7900,16.0600,5885496
2018-10-19,15.8600,14.9900,15.2700,15.5700,5087100
2018-10-22,16.5300,15.7100,15.7200,16.3300,4910230
2018-10-23,16.8700,16.0500,16.3000,16.3300,4755684
2018-10-24,16.6500,15.9200,16.2800,16.0700,3184464
2018-10-25,15.7500,14.9500,14.9600,15.4900,3119048
2018-10-26,16.8300,15.9300,15.9300,16.0900,4208206
2018-10-29,16.2700,15.8800,16.0300,15.9100,2525314
2018-10-30,16.3200,15.7600,16.0800,16.1200,3126184
2018-10-31,16.5900,16.1300,16.3900,16.4100,3799900
2018-11-01,16.9100,16.3000,16.4200,16.4800,4716234
2018-11-02,18.0000,16.4700,16.7800,17.3000,6635534
2018-11-05,17.6600,16.9500,17.1900,17.5200,6158750
2018-11-06,17.3100,16.9200,17.2500,17.2100,3235184
2018-11-07,17.4800,17.0600,17.1100,17.0600,3470800
2018-11-08,17.3000,16.8100,17.2400,16.8400,2659064
2018-11-09,16.7900,16.4800,16.6400,16.5200,2483500
2018-11-12,17.2200,16.3800,16.4900,17.1500,3405884
2018-11-13,17.4000,16.9000,16.9400,17.2400,4163200
2018-11-14,17.6200,17.1700,17.2400,17.2200,3998584
2018-11-15,17.9100,17.1100,17.1500,17.8800,5342559
2018-11-16,17.9800,17.5000,17.9000,17.6700,4884178
2018-11-19,17.8800,17.4800,17.5600,17.8200,3492546
2018-11-20,17.8400,17.1000,17.6500,17.1800,3380294
2018-11-21,17.4800,16.9100,16.9900,17.4100,2620346
2018-11-22,17.8300,17.4600,17.5000,17.8000,3989766
2018-11-23,17.7900,16.7100,17.7100,16.9200,4291842
2018-11-26,17.3400,16.7500,16.7500,17.1900,2120930
2018-11-27,17.2800,16.9100,17.2500,17.0400,2527400
2018-11-28,17.2000,16.7000,17.0200,17.1500,1555500
2018-11-29,17.2500,16.0000,17.2500,16.0700,2665714
2018-11-30,16.5800,16.0900,16.1300,16.5000,1835814
2018-12-03,17.5000,17.0700,17.3500,17.2700,2895106
2018-12-04,17.8600,17.0800,17.2700,17.6500,3391956
2018-12-05,18.2000,17.3700,17.3800,17.9200,3924972
2018-12-06,17.9000,17.3200,17.8300,17.4400,2961512
2018-12-07,17.8700,17.0200,17.7200,17.1900,2367572
2018-12-10,17.1500,16.2200,17.0400,16.3700,2314800
2018-12-11,16.7800,16.3900,16.3900,16.6700,1138500
2018-12-12,16.8100,16.5900,16.8000,16.5900,914100
2018-12-13,16.9100,16.5200,16.5700,16.8400,1281678
2018-12-14,16.8800,16.1500,16.8400,16.2000,1704700
2018-12-17,16.3400,15.9100,16.2100,16.2800,1110502
2018-12-18,16.4000,15.8700,16.4000,16.0400,1300028
2018-12-19,16.1800,15.3400,16.1800,15.5400,1977226
2018-12-20,15.6700,15.4400,15.5000,15.5500,952896
2018-12-21,15.5000,15.1500,15.4600,15.3400,1094556
2018-12-24,15.7300,15.1500,15.3900,15.7000,1125400
2018-12-25,15.7200,15.1800,15.5300,15.6700,1174992
2018-12-26,15.7900,15.3500,15.6700,15.4000,969914
2018-12-27,15.7500,15.0100,15.7000,15.0400,1052302
2018-12-28,15.1500,14.3300,15.0000,14.7100,2082875
2019-01-02,14.8600,14.6100,14.6100,14.6800,796080
2019-01-03,14.8300,14.4800,14.6300,14.6700,896372
2019-01-04,15.0100,14.3500,14.5200,14.9700,1348042
2019-01-07,15.4900,14.9700,15.0300,15.2900,1182937
2019-01-08,15.8800,15.0400,15.3100,15.4400,1956004
2019-01-09,15.4700,15.1200,15.3000,15.3500,1913008
2019-01-10,15.2800,14.9900,15.2800,15.0000,1316000
2019-01-11,15.1500,14.9600,15.0000,15.1100,987716
2019-01-14,15.2800,14.8800,15.0600,14.9300,870559
2019-01-15,15.1700,14.8200,14.8600,15.1700,865677
2019-01-16,15.9000,15.3500,15.3600,15.7500,3241800
2019-01-17,15.7000,15.4000,15.6100,15.4700,1462818
2019-01-18,15.5900,15.1700,15.5800,15.4200,1297403
2019-01-21,15.7200,15.2600,15.3800,15.5400,1270154
2019-01-22,15.5300,15.0500,15.5300,15.2200,1601983
2019-01-23,15.4700,15.1800,15.1900,15.4400,1340057
2019-01-24,15.6600,15.3600,15.3800,15.6000,1263201
2019-01-25,15.6700,15.3000,15.5000,15.3000,1139480
2019-01-28,15.5900,15.1800,15.3000,15.3000,1207200
2019-01-29,15.3000,14.5800,15.2700,14.8900,1672802
2019-01-30,15.2000,14.7000,14.8900,15.0200,1119600
2019-01-31,15.1400,14.7200,14.8700,14.7800,1201900
2019-02-01,15.1600,14.7500,14.9500,15.1600,1243700
2019-02-11,15.9100,15.1100,15.1300,15.8300,2412934
2019-02-12,16.2500,15.7100,15.8200,15.9300,2366234
2019-02-13,16.7500,15.9000,15.9800,16.4800,3411435
2019-02-14,16.8200,16.3500,16.5300,16.6500,2669112
2019-02-15,16.7000,16.3600,16.6500,16.6000,1513037
2019-02-18,17.3500,16.6300,16.6300,17.2000,2404227
2019-02-19,17.4900,16.8000,17.2500,17.0300,2757779
2019-02-20,17.2700,16.9100,17.1000,17.1000,1593200
2019-02-21,17.1800,16.6600,17.1200,16.8000,2638196
2019-02-22,17.1900,16.6700,16.9000,17.1100,2624434
2019-02-25,18.0600,17.1500,17.2600,17.9700,3623562
2019-02-26,19.7700,17.9000,17.9700,18.9100,7742645
2019-02-27,19.5000,18.3500,18.7800,18.6000,4521861
2019-02-28,19.6200,18.4100,18.6000,19.1600,3876470
2019-03-01,18.9400,17.8100,18.9400,18.4100,5863683
2019-03-04,19.1600,18.2100,18.4000,18.7800,6733097
2019-03-05,19.1600,18.3900,18.5000,19.1400,4111776
2019-03-06,19.4600,18.8800,19.1700,19.2000,4141714
2019-03-07,19.3400,18.8000,19.2000,19.1600,3575600
2019-03-08,19.9900,18.5600,19.0800,19.4500,7357281
2019-03-11,21.2300,19.3600,19.6000,20.9500,7310772
2019-03-12,21.9600,20.3600,20.8600,21.3200,6994972
2019-03-13,21.2000,20.1000,20.7800,20.1200,4486957
2019-03-14,20.4900,19.0000,20.2100,19.3000,3405933
2019-03-15,19.9000,19.3100,19.4900,19.7800,2190063
2019-03-18,20.3600,19.3100,19.7000,20.2700,2527353
2019-03-19,20.5400,19.8300,20.2800,20.1900,2236693
2019-03-20,20.1800,19.4500,20.0900,19.7600,1819878
2019-03-21,20.0900,19.6500,19.8000,19.9600,2569736
2019-03-22,19.9000,19.2100,19.7600,19.5700,2075334
2019-03-25,19.4400,19.0300,19.3100,19.2100,2334678
2019-03-26,19.4000,18.4000,19.2500,18.6000,2388477
2019-03-27,18.9200,18.4700,18.6200,18.7700,1508031
2019-03-28,19.0400,18.4000,18.6000,18.4000,1538634
2019-03-29,19.0500,18.2100,18.4200,18.9800,1858113
2019-04-01,20.0300,19.0100,19.0100,19.6400,3159175
2019-04-02,19.8200,19.4600,19.7800,19.4900,2548272
2019-04-03,20.0000,19.5900,19.7600,19.7200,2654317
2019-04-04,19.8600,19.3100,19.7300,19.6000,3436700
2019-04-08,20.5900,19.6100,19.6100,20.5900,5645530
2019-04-09,21.3600,20.2800,20.5900,21.2600,7454800
2019-04-10,21.4800,20.6300,21.1000,20.9800,4222794
2019-04-11,21.0800,20.1000,20.6800,20.9500,4451720
2019-04-12,20.8000,20.1300,20.6800,20.4400,3263230
2019-04-15,20.7600,20.0100,20.5900,20.0300,2121441
2019-04-16,20.3400,19.8000,20.0000,20.2700,1714640
2019-04-17,20.6400,20.1500,20.2100,20.5400,2049989
2019-04-18,20.7500,20.3300,20.5600,20.3400,1886615
2019-04-19,20.9000,20.4200,20.5000,20.8200,2538150
2019-04-22,21.6400,20.7600,20.7600,21.0600,3502298
2019-04-23,21.0000,20.3300,21.0000,20.4600,1799301
2019-04-24,20.6000,19.9300,20.5900,20.3100,1843201
2019-04-25,20.5000,19.1500,20.3700,19.1500,2319200
2019-04-26,20.1000,18.8800,19.0900,19.8000,2364351
2019-04-29,19.9300,18.5200,19.8100,19.1400,3082977
2019-04-30,19.2500,18.6900,18.8000,18.9000,1328379
2019-05-06,18.7100,17.0100,18.4500,17.1900,2692378
2019-05-07,17.5000,16.8300,17.2000,17.2100,1734570
2019-05-08,17.2800,16.5300,16.8300,16.7900,1095495
2019-05-09,17.3500,16.7000,16.8900,16.9500,1607519
2019-05-10,17.6400,16.7800,17.0000,17.5300,2300823
2019-05-13,19.2800,17.3000,17.5100,18.4200,4468870
2019-05-14,19.9900,18.1500,18.2000,18.6000,4868445
2019-05-15,18.7700,18.0600,18.4800,18.7300,3337483
2019-05-16,18.6000,18.2600,18.6000,18.3000,2394392
2019-05-17,18.3500,17.4000,18.3500,17.4000,3062913
2019-05-20,17.4000,16.5800,17.3300,17.0900,1786675
2019-05-21,17.3400,16.8200,17.1000,17.2500,2006162
2019-05-22,17.2900,16.7000,17.1200,16.9700,1944574
2019-05-23,16.9700,16.2100,16.8500,16.2600,2211702
2019-05-24,16.3500,15.9000,16.3300,15.9800,1371800
2019-05-27,16.6300,15.9800,16.0100,16.5200,1577174
2019-05-28,16.7400,16.2000,16.5400,16.3600,1456278
2019-05-29,16.6700,16.2200,16.3800,16.5600,1189700
2019-05-30,16.4300,16.0800,16.4100,16.3300,1188900
2019-05-31,16.4900,16.2300,16.3300,16.4200,1058700
2019-06-03,16.6300,16.1200,16.4200,16.3000,1069200
2019-06-04,16.3000,15.8800,16.1900,15.9000,1106400
2019-06-05,16.0900,15.7500,15.9300,15.7800,913578
2019-06-06,15.9500,15.4800,15.7800,15.5500,835100
2019-06-10,16.1800,15.6100,15.6200,16.0300,1103572
2019-06-11,16.5600,15.9000,16.1300,16.5000,1685918
2019-06-12,16.5000,16.1900,16.5000,16.2000,1029800
2019-06-13,16.3800,16.0800,16.2800,16.2700,1014200
2019-06-14,16.2900,15.7500,16.2600,15.8100,1143900
2019-06-17,16.4500,15.7300,15.8100,16.2200,1628900
2019-06-18,16.4700,15.9000,16.1200,16.0500,1751900
2019-06-19,16.5200,16.1100,16.4100,16.1400,1827205
2019-06-20,16.4600,16.0500,16.0500,16.3800,1458200
2019-06-21,17.0800,16.4900,16.5000,16.9000,2435520
2019-06-24,16.9000,16.5800,16.9000,16.7400,1480300
2019-06-25,16.6900,16.2300,16.6000,16.4300,1340100
2019-06-26,16.7100,16.2800,16.4000,16.6000,1318000
2019-06-27,16.7700,16.4000,16.6100,16.4400,1816300
2019-06-28,16.5400,15.9800,16.4500,16.0600,1931800
2019-07-01,17.3000,16.3800,16.5000,17.0600,3855802
2019-07-02,17.4000,16.8800,16.9300,17.0600,2139170
2019-07-03,17.0000,16.6700,17.0000,16.7500,1344957
2019-07-04,17.2400,16.7500,16.8800,17.0500,1700120
2019-07-05,17.1700,16.8500,16.9800,17.0400,1242322
2019-07-08,17.0800,16.3400,17.0700,16.4700,1710970
2019-07-09,16.7400,16.4200,16.5800,16.7100,1212200
2019-07-10,17.0900,15.7300,16.1800,16.4100,4310796
2019-07-11,17.2400,16.2700,16.4000,17.0300,4958414
2019-07-12,17.7600,16.6200,16.6200,17.7300,7721173
2019-07-15,17.7000,17.0700,17.5100,17.5800,4820607
2019-07-16,18.1900,17.4200,17.5500,17.6500,4604731
2019-07-17,17.6500,17.1800,17.5500,17.2700,2746792
2019-07-18,17.2900,16.8100,17.1600,16.8100,2242489
2019-07-19,17.0400,16.7700,16.9000,16.8000,1585058
2019-07-22,16.8800,15.9000,16.7100,16.2900,2089205
2019-07-23,16.4600,16.1400,16.1800,16.3800,1249535
2019-07-24,16.7000,16.2800,16.2800,16.5600,1392400
2019-07-25,16.6500,16.4100,16.6300,16.4900,1235583
2019-07-26,16.6500,16.4200,16.5100,16.5300,994100
2019-07-29,16.5500,16.2400,16.5400,16.3200,1125000
2019-07-30,16.5700,16.2200,16.2300,16.4500,1233692
2019-07-31,16.4200,16.1700,16.4200,16.3100,907023
2019-08-01,16.2800,16.0400,16.2700,16.1800,1264262
2019-08-02,16.5600,15.6400,15.8400,16.2800,3386493
2019-08-05,16.7900,16.3000,16.3000,16.5900,4558130
2019-08-06,16.2600,15.1700,16.2000,15.5400,3641879
2019-08-07,15.6600,15.2800,15.5400,15.3200,1726669
2019-08-08,15.4900,15.2400,15.3600,15.3600,1219561
2019-08-09,15.6500,15.1500,15.4000,15.3100,2088600
2019-08-12,15.9900,15.2200,15.3100,15.9900,2065013
2019-08-13,16.1200,15.6500,15.8300,15.7400,1508531
2019-08-14,16.3300,15.8600,16.1700,15.9100,2028400
2019-08-15,16.4800,15.7000,15.7100,16.4600,4263135
2019-08-16,16.3300,16.1100,16.2000,16.1200,2871901
2019-08-19,16.4000,16.0500,16.0900,16.3800,2553778
2019-08-20,16.6500,16.2400,16.3800,16.3800,3428385
2019-08-21,16.4000,16.0100,16.2400,16.0700,2248915
2019-08-22,16.3000,15.9500,16.3000,16.1300,1020015
2019-08-23,16.2900,15.9500,16.1300,16.1800,1467204
2019-08-26,15.9900,15.6500,15.8800,15.7800,1650804
2019-08-27,16.2500,15.8000,15.8000,16.0200,1757520
2019-08-28,16.3300,15.9100,16.0800,16.2500,1762671
2019-08-29,16.4800,16.1500,16.2000,16.4300,1760978
2019-08-30,16.4600,15.6800,16.4100,15.9900,2160800
2019-09-02,16.2200,15.8300,15.9900,16.2200,1418157
2019-09-03,16.4000,16.0300,16.1000,16.2100,1401300
2019-09-04,16.3100,16.0700,16.2100,16.2700,1486078
2019-09-05,16.7700,16.3000,16.3700,16.4500,3350678
2019-09-06,16.7500,16.3800,16.4500,16.5800,2728089
2019-09-09,16.9400,16.5600,16.7000,16.9300,2961511
2019-09-10,17.1600,16.8400,16.8800,16.9600,3435576
2019-09-11,17.2000,16.6500,16.9100,16.6800,3836220
2019-09-12,16.8700,16.6100,16.7000,16.6600,2169811
2019-09-16,16.8400,16.6000,16.7500,16.6900,1641000
2019-09-17,16.7000,16.1000,16.7000,16.2000,2455200
2019-09-18,16.2500,16.0100,16.1500,16.0400,1736820
2019-09-19,16.4000,15.9500,15.9500,16.4000,1579925
2019-09-20,16.4800,16.2800,16.2800,16.3900,1180741
2019-09-23,16.7400,16.2500,16.3300,16.6800,2580364
2019-09-24,16.8200,16.5400,16.6600,16.5800,1912000
2019-09-25,16.3700,16.0200,16.3400,16.0400,1961419
2019-09-26,16.2000,15.6500,16.1500,15.6500,1515439
2019-09-27,15.8100,15.6500,15.6500,15.7300,1347200
2019-09-30,15.8800,15.5600,15.7000,15.5900,764764
2019-10-08,15.8100,15.5800,15.7700,15.5800,623116
2019-10-09,15.7500,15.4900,15.5600,15.6800,640640
2019-10-10,15.8200,15.6400,15.7100,15.7800,1011800
2019-10-11,15.9200,15.7000,15.8000,15.8800,1363257
2019-10-14,16.1500,15.8300,15.9300,16.0100,2436840
2019-10-15,15.9500,15.6800,15.9500,15.7200,1572600
2019-10-16,15.8800,15.6200,15.8800,15.7000,1036300
2019-10-17,15.7900,15.6500,15.7100,15.7000,664600
2019-10-18,15.7700,15.3300,15.7700,15.3600,1354900
2019-10-21,15.6500,15.3700,15.3700,15.5600,1028278
2019-10-22,15.6600,15.4000,15.4700,15.6300,809589
2019-10-23,16.3200,15.5500,15.6300,15.9000,2734300
2019-10-24,15.9800,15.7200,15.8000,15.7800,1205157
2019-10-25,15.8300,15.5500,15.8300,15.7900,1065400
2019-10-28,15.8300,15.5600,15.7400,15.8200,3095834
2019-10-29,15.7800,15.5800,15.7200,15.6000,1589345
2019-10-30,15.7700,15.3200,15.5800,15.6500,1871100
2019-10-31,16.0000,15.5100,15.6500,15.7000,1932657
2019-11-01,15.9300,15.4100,15.4100,15.7400,2354467
2019-11-04,15.9700,15.6900,15.7500,15.9500,2060667
2019-11-05,16.2200,15.7900,15.9500,16.0100,2530856
2019-11-06,16.0200,15.7500,15.9600,15.8400,1624075
2019-11-07,16.4900,15.7900,15.9000,16.4700,4482180
2019-11-08,16.6700,16.2700,16.5100,16.2900,3340072
2019-11-11,16.3000,15.7700,16.3000,15.7700,1570000
2019-11-12,15.7900,15.5000,15.7900,15.6200,1573500
2019-11-13,15.7200,15.5200,15.6900,15.6100,828978
2019-11-14,15.7500,15.5300,15.6300,15.6700,880058
2019-11-15,16.0500,15.6600,15.6800,15.8700,1521764
2019-11-18,15.9400,15.6300,15.8300,15.7800,823920
2019-11-19,16.2900,15.7500,15.7900,16.2700,2263564
2019-11-20,16.3800,16.0600,16.1700,16.0900,1968578
2019-11-21,16.1400,15.8200,16.0500,15.9400,1207040
2019-11-22,16.1700,15.7000,15.8500,15.9000,1646157
2019-11-25,15.9300,15.5500,15.8900,15.5700,1484000
2019-11-26,15.7200,15.5000,15.5800,15.6200,760100
2019-11-27,15.6800,15.3700,15.6800,15.4200,938500
2019-11-28,15.5300,15.1900,15.5300,15.3000,920421
2019-11-29,15.3400,15.1700,15.3400,15.2400,505962
2019-12-02,15.3600,15.2300,15.2600,15.2700,520400
2019-12-03,15.3600,15.1500,15.3600,15.3500,544257
2019-12-04,15.4500,15.2400,15.3100,15.3600,637100
2019-12-05,15.5000,15.3200,15.3200,15.4700,889500
2019-12-06,15.5200,15.3300,15.4700,15.4500,778657
2019-12-09,15.4700,15.3300,15.4500,15.4000,856900
2019-12-10,15.4500,15.2700,15.3600,15.4500,985562
2019-12-11,15.4200,15.2500,15.4000,15.2600,1240201
2019-12-12,15.2800,15.1800,15.2000,15.2300,851500
2019-12-13,15.8900,15.2800,15.2800,15.8900,3958359
2019-12-16,16.0400,15.6600,15.9400,15.9600,2222957
2019-12-17,16.3600,15.8100,15.8100,16.2500,2885457
2019-12-18,16.3600,16.1200,16.2500,16.1200,1820400
2019-12-19,16.4900,16.0500,16.1300,16.4400,1967320
2019-12-20,16.4900,16.2000,16.3900,16.2300,852257
2019-12-23,16.4200,15.8500,16.2000,15.8700,1107200
2019-12-24,16.0300,15.8100,15.8900,15.9800,912300
2019-12-25,16.0300,15.8500,15.9800,15.9200,862600
2019-12-26,16.0800,15.9100,15.9600,16.0600,845000
2019-12-27,16.6100,16.1100,16.2400,16.2400,2432434
2019-12-30,16.8000,16.2000,16.2500,16.7800,3242535
2019-12-31,16.8400,16.5200,16.8400,16.5900,2271522
2020-01-02,17.3900,16.5000,16.7900,17.2700,3951075
2020-01-03,17.9700,17.2100,17.3300,17.8600,4260669
2020-01-06,19.6500,17.6300,17.8000,19.2300,9239904
2020-01-07,21.1500,19.7000,19.7000,21.1500,6814430
2020-01-08,21.9800,20.2000,21.1300,20.8800,9601035
2020-01-09,21.5000,20.5000,21.1800,21.2100,4523830
2020-01-10,21.5600,20.9600,21.2400,21.4300,3430022
2020-01-13,21.6800,20.9700,21.2600,21.6500,3252300
2020-01-14,23.1000,21.6200,21.8300,22.5100,5051400
2020-01-15,22.7900,21.9000,22.5200,22.4600,2742878
2020-01-16,23.3400,21.8900,22.4100,22.1500,5761800
2020-01-17,23.3300,22.0300,22.4900,23.0600,5321600
2020-01-20,25.0100,23.0000,24.6500,25.0000,6666978
2020-01-21,27.1900,24.1000,26.0700,24.7000,8821131
2020-01-22,25.4500,23.9800,24.5900,24.8200,6466634
2020-01-23,26.1600,23.3300,24.9000,23.6100,4384332
2020-02-03,25.9700,23.2400,25.4800,25.9700,16162114
2020-02-04,27.2700,23.4500,26.0000,25.7200,11585425
2020-02-05,26.6300,25.0000,25.5000,26.3200,9471205
2020-02-06,28.8500,26.0000,26.0000,27.6000,11005571
2020-02-07,29.3000,26.5100,28.3000,27.3900,7963198
2020-02-10,27.7500,25.4000,27.1000,27.6500,8117018
2020-02-11,30.4200,26.3900,26.3900,30.4200,13090154
2020-02-12,33.4600,30.4200,32.2200,33.4600,13407991
2020-02-13,35.7600,31.1000,32.3000,35.1800,9849836
2020-02-14,35.4800,33.3600,34.7500,33.3600,7287153
2020-02-17,34.2000,32.4600,32.5000,32.6400,7381751
2020-02-18,33.2000,31.2100,32.2500,32.6800,4854181
2020-02-19,35.3300,31.9000,32.5000,34.2600,7263774
2020-02-20,35.7600,33.0000,34.0000,33.4500,4256793
2020-02-21,35.7400,32.8600,33.2600,34.9200,5638313
2020-02-24,38.4100,36.2600,36.2700,38.4100,4657423
2020-02-25,41.6600,37.8000,39.1600,39.4000,9095739
2020-02-26,41.2000,37.3800,38.1500,38.0000,6719367
2020-02-27,41.8000,37.2800,38.4000,41.8000,7091280
2020-02-28,45.9800,42.0000,43.3300,45.9800,10194825
2020-03-02,48.5000,42.2600,47.7800,44.7200,11878566
2020-03-03,46.3400,42.1600,42.1600,45.0400,10117602
2020-03-04,48.8700,45.3400,46.0000,46.0400,8449503
2020-03-05,47.0000,43.4800,45.9900,44.0800,7536589
2020-03-06,47.2800,43.1100,43.1100,46.8000,8543627
2020-03-09,51.4800,46.9100,50.9900,51.4800,8258983
2020-03-10,52.8800,46.3300,50.9900,48.7800,13933833
2020-03-11,53.6600,47.1300,47.4300,53.3900,13984243
2020-03-12,55.9700,50.5000,53.8800,51.6600,12658176
2020-03-13,51.0400,46.4900,46.9000,46.4900,11543907
2020-03-16,50.8400,45.4700,47.3200,45.5600,12479905
2020-03-17,47.0000,41.3000,45.5900,45.8800,10541929
2020-03-18,46.8000,43.0000,45.9700,43.0000,7194419
2020-03-19,43.5000,40.0900,42.2400,41.0000,8427712
2020-03-20,44.0500,41.5000,42.1700,44.0000,6495020
2020-03-23,46.0700,42.0000,44.2800,42.0000,6936704
2020-03-24,43.2900,39.3000,42.0000,41.4700,6165153
2020-03-25,44.7000,42.3100,42.7000,44.3300,6547839
2020-03-26,47.4300,44.1400,44.8500,45.8300,9398604
2020-03-27,46.6600,44.5200,45.5900,45.8800,6029571
2020-03-30,48.4500,45.5800,47.0000,46.6500,5864579
2020-03-31,47.8000,45.1400,45.8600,46.6700,4099345
2020-04-01,47.0900,44.7500,46.2000,45.6000,3863362
2020-04-02,46.1000,44.4500,45.7000,45.6500,3462924
2020-04-03,47.5300,45.3600,45.3600,46.5000,4427053
2020-04-07,48.3400,45.8100,46.9900,47.9900,5904806
2020-04-08,47.7900,44.9000,47.5000,45.1200,5381850
2020-04-09,49.6300,44.7500,45.1300,49.6300,7023415
2020-04-10,54.2500,49.9000,52.0000,51.0100,9739600
2020-04-13,54.4800,51.0600,52.1900,52.9900,6184128
2020-04-14,52.2000,50.2800,52.2000,51.5700,5158528
2020-04-15,51.9700,50.6000,51.0600,51.4100,3390957
2020-04-16,56.5500,51.9100,51.9100,56.5500,3891839
2020-04-17,61.8200,55.0800,59.1500,57.1100,10512855
2020-04-20,59.4500,55.5000,56.5600,57.7000,6534337
2020-04-21,59.4900,55.8600,56.9900,56.6000,4460025
2020-04-22,58.2400,55.0100,55.8700,58.2400,3778439
2020-04-23,58.9900,55.7000,58.2200,56.8200,4634388
2020-04-24,56.8200,54.5000,56.8200,54.9000,2829475
2020-04-27,58.0000,54.9000,55.7100,56.2400,3701827
2020-04-28,57.2800,54.1000,56.2100,55.0600,3456014
2020-04-29,59.3600,55.0200,55.5600,57.8500,6043363
2020-04-30,58.1900,54.5000,57.3000,56.3200,4963840
2020-05-06,55.2000,53.1000,55.2000,54.0000,5642597
2020-05-07,56.0000,53.4400,54.0000,54.0500,3331214
2020-05-08,54.4500,53.3600,54.3000,53.4600,2765508
2020-05-11,53.9300,52.0000,53.7300,53.4300,3017489
2020-05-12,54.4500,52.6000,53.1200,53.6400,3070327
2020-05-13,59.0000,55.0100,55.0100,59.0000,5604230
2020-05-14,60.0000,55.8800,60.0000,56.1100,5181620
2020-05-15,61.7200,55.1100,56.1000,61.0000,5728251
2020-05-18,64.8800,59.3800,61.0800,62.4200,6535582
2020-05-19,67.3000,62.3000,62.3000,65.8200,5410915
2020-05-20,66.3800,64.5100,65.0100,64.8200,3457487
2020-05-21,71.0000,66.0000,67.1200,69.6200,5242494
2020-05-22,74.8000,69.3000,69.3000,72.2000,5683141
2020-05-25,74.2000,67.0000,69.0400,69.5000,6735036
2020-05-26,76.4500,71.5000,72.0100,76.4500,5090789
2020-05-27,84.1000,79.4500,81.8000,83.2200,9382801
2020-05-28,82.0000,76.6600,82.0000,79.6400,5609677
2020-05-29,87.6000,79.3900,79.3900,87.6000,5897002
2020-06-01,90.5000,85.1100,89.0000,89.3900,5920566
2020-06-02,88.7000,85.0600,88.4900,87.2100,4815481
2020-06-03,91.3700,85.8600,88.4600,87.8700,3912512
2020-06-04,90.0000,82.0000,89.7200,83.4800,5449109
2020-06-05,85.5000,79.7900,83.0000,81.5900,5284428
2020-06-08,83.9900,80.7000,83.4000,81.7400,4691122
2020-06-09,82.9000,78.6600,82.0000,79.9000,4252118
2020-06-10,85.5000,78.8000,80.8000,81.3100,6336274
2020-06-11,82.6800,79.3600,81.8400,82.6000,3943565
2020-06-12,90.8600,83.7000,84.0000,90.8600,6834533
2020-06-15,99.9500,94.0100,94.9400,99.9500,7837877
2020-06-16,109.9500,99.9500,100.0500,109.9500,7327752
2020-06-17,120.5000,111.0000,113.0100,116.0000,11171518
2020-06-18,117.9000,104.4000,116.1000,104.6000,9808778
2020-06-19,114.4500,104.4000,105.9000,112.0000,7581848
2020-06-22,119.8400,110.4900,115.0700,114.1300,7043100
2020-06-23,117.6500,112.3600,115.0000,116.3500,5064761
2020-06-24,118.0000,114.5500,116.3500,117.4000,3636438
2020-06-29,128.9900,121.0100,121.0100,127.8000,5871452
2020-06-30,127.9900,120.9800,127.5000,127.8000,5502000
2020-07-01,125.5100,121.1000,125.4100,122.5500,4334076
2020-07-02,127.0000,122.5600,124.0100,124.0000,3398585
2020-07-03,135.5900,123.0000,123.0400,134.0000,5633440
2020-07-06,135.5500,127.6600,135.1800,130.1900,6544873
2020-07-07,135.5000,127.6600,130.1900,132.2000,6029228
2020-07-08,143.4400,130.5100,139.3800,134.9700,6934304
2020-07-09,139.1200,130.3000,131.1800,133.0200,6665462
2020-07-10,140.6600,133.2100,135.1000,138.5200,8303379
2020-07-13,152.3700,152.3700,152.3700,152.3700,663658
2020-07-14,167.6100,167.6100,167.6100,167.6100,760510
2020-07-15,184.3700,169.4500,184.3700,175.5500,18259095
2020-07-16,178.1000,158.0000,171.0100,158.0000,8254179
2020-07-17,170.0000,147.5300,152.5000,161.9200,10073438
2020-07-20,164.0000,150.4100,163.0000,159.5000,6890462
2020-07-21,169.9000,154.5600,159.0000,165.8800,6854487
2020-07-22,173.3800,164.0700,167.0000,166.9600,6873574
2020-07-23,165.8000,158.0000,162.0000,165.7500,6684392
2020-07-24,165.5000,149.1800,163.0000,149.1800,6782582
2020-07-27,154.9900,147.5000,147.8000,151.3100,4799451
2020-07-28,166.4400,152.0000,152.4300,166.4400,8276959
2020-07-29,176.9800,166.6000,168.5100,171.9800,9050884
2020-07-30,175.5000,167.1500,171.0000,169.3000,7154023
2020-07-31,175.5000,166.1300,168.0100,171.7000,6455322
2020-08-03,176.5000,167.0200,173.0000,175.2700,8309791
2020-08-04,178.2900,164.5600,174.9100,166.9000,8481370
2020-08-05,173.6200,163.0000,163.0000,170.0000,6470504
2020-08-06,172.0000,162.2000,168.5200,166.1800,4989156
2020-08-07,170.7700,162.0000,166.1800,167.0000,4400880
2020-08-10,167.9800,158.8800,167.0000,164.8000,3805473
2020-08-11,174.0000,164.4200,166.9800,166.0000,4162743
2020-08-12,168.0000,150.0000,161.2000,157.0900,5919952
2020-08-13,160.5000,155.5500,159.1300,158.5300,3006561
2020-08-14,161.7100,152.9700,158.0000,156.2100,3100586
2020-08-17,158.4900,154.5000,158.4900,158.4800,3232251
2020-08-18,159.8900,146.8800,159.0000,149.9700,6809394
2020-08-19,154.4500,147.1000,150.0000,147.2000,4419441
2020-08-20,151.6400,146.0200,146.0200,149.4800,2755881
2020-08-21,153.9000,148.0200,150.1400,150.5000,2577132
2020-08-24,161.8700,149.8500,152.4400,156.3900,4719026
2020-08-25,162.9000,157.1500,160.0100,158.9400,3707012
2020-08-26,165.4300,150.0000,161.5000,151.7700,5922236
2020-08-27,157.1700,148.0000,149.9800,155.8000,4548524
2020-08-28,152.0000,140.0000,152.0000,147.1000,9638852
2020-08-31,156.0000,147.1100,147.9100,151.5000,6439962
2020-09-01,154.5500,146.7600,152.0100,148.0000,4437685
2020-09-02,148.7500,136.3300,148.3000,139.0000,8281255
2020-09-03,140.6800,136.0000,140.0000,136.6600,4321210
2020-09-04,137.8600,134.0300,135.4000,135.8300,4149991
2020-09-07,138.5000,127.7000,137.2200,128.8000,5880891
2020-09-08,130.6000,126.0000,129.9700,128.4200,3919902
2020-09-09,130.4800,122.3300,127.4500,124.3500,6539663
2020-09-10,144.5000,126.9800,127.0100,133.6000,10343471
2020-09-11,137.0000,128.6500,131.0100,132.7300,6185979
2020-09-14,134.1100,125.5100,134.0200,127.6900,6077506
2020-09-15,132.7500,126.1000,126.1000,132.2800,4195489
2020-09-16,134.7700,129.2000,133.0000,131.2800,3191892
2020-09-17,133.8600,129.0500,131.0100,131.0000,2678888
2020-09-18,136.9800,128.0000,132.0000,136.9000,6192319
2020-09-21,136.9000,129.3000,136.9000,131.1000,5604702
2020-09-22,151.0000,135.0000,135.0000,144.3200,11553758
2020-09-23,150.8000,139.0000,143.0900,147.7000,9230326
2020-09-24,149.8900,142.8000,146.0600,143.5200,5235862
2020-09-25,152.5000,145.5000,146.5000,148.9500,6554782
2020-09-28,155.3700,147.8200,152.4000,148.9900,4673302
2020-09-29,152.0000,142.9100,150.0000,145.0000,4659389
2020-09-30,152.1900,144.9000,146.6800,150.8000,4955367
2020-10-09,161.0000,151.2000,156.5000,154.8400,8147745
2020-10-12,109.6500,101.5000,103.7000,109.6500,9621837
2020-10-13,114.0500,108.0500,110.0000,112.0000,10074173
2020-10-14,118.7800,110.0000,111.0000,117.0500,11668314
2020-10-15,115.1500,110.1200,115.0000,111.4900,8860596
2020-10-16,115.8700,111.0000,111.6000,115.1800,7369577
2020-10-19,119.0000,113.0200,119.0000,115.1100,7779647
2020-10-20,114.8600,109.5700,113.1300,113.8000,7057117
2020-10-21,114.0000,102.6000,114.0000,103.4000,14161927
2020-10-22,103.9700,97.8800,103.0000,102.3400,8152899
2020-10-23,105.0800,99.3000,103.0800,101.9800,6036357
2020-10-26,106.9900,102.0000,102.0000,106.4500,6233017
2020-10-27,111.2000,106.7000,106.7000,110.0000,7639123
2020-10-28,113.8800,101.3300,111.8000,106.9300,12245750
2020-10-29,120.3200,109.1100,109.1100,118.0000,16451751
2020-10-30,118.0000,114.1200,118.0000,116.2100,9428956
2020-11-02,120.6600,115.3800,117.8800,117.2700,9086643
2020-11-03,117.9600,111.6600,117.9600,114.9600,7594384
2020-11-04,114.6800,110.5800,114.0200,111.7200,7397202
2020-11-05,115.6600,111.2300,112.2500,113.0500,7726573
2020-11-06,123.0100,107.8000,114.8100,120.5000,15572740
2020-11-09,144.6000,120.7100,120.7100,144.6000,21587812
2020-11-10,132.9900,119.0000,130.0000,123.5000,27649222
2020-11-11,122.0000,113.0000,120.9500,114.4000,16929997
2020-11-12,119.0100,112.0000,116.2200,116.4000,10514410
2020-11-13,118.8700,113.1100,116.1000,114.5000,7761207
2020-11-16,115.2500,110.9100,114.0000,114.5100,7116063
2020-11-17,112.5200,104.8000,112.0100,105.7700,13185653
2020-11-18,110.5000,105.9900,106.2400,108.4400,6758628
2020-11-19,117.3000,108.7200,109.0000,115.1600,10962303
2020-11-20,120.6600,114.0300,114.0300,117.6300,9167251
2020-11-23,125.0000,118.6600,121.7100,120.6500,9169971
2020-11-24,132.7300,127.1000,127.4300,129.0000,13215394
2020-11-25,135.8900,130.2100,130.2100,130.7200,12760497
2020-11-26,133.0000,123.8500,132.5000,128.3000,9819364
2020-11-27,132.4500,128.2900,129.8900,128.7000,6076823
2020-11-30,130.8000,125.5000,127.7600,130.8000,8194640
2020-12-01,130.8000,126.0300,129.0100,127.7000,6249139
2020-12-02,133.8600,127.7000,131.0000,129.9500,6918964
2020-12-03,131.6500,127.1500,129.0000,129.1800,5673430
2020-12-04,131.6000,129.1800,130.2900,130.1800,5066699
2020-12-07,142.2000,129.8000,130.2600,138.9300,11206891
2020-12-08,144.4000,139.0100,139.0100,141.0000,7175559
2020-12-09,142.0100,136.5500,140.5100,137.5400,5747316
2020-12-10,143.0000,137.2000,138.4500,142.1800,7228060
2020-12-11,150.8800,141.5100,142.0000,148.5000,12414718
2020-12-14,159.9000,146.2000,148.4000,159.0000,12787945
2020-12-15,166.9000,150.0600,158.0000,155.2400,16234237
2020-12-16,158.5000,151.6000,157.9600,154.2000,8809345
2020-12-17,159.6000,154.2100,154.2100,156.9100,7568551
2020-12-18,159.8500,152.1000,157.9000,155.8900,6916419
2020-12-21,166.5000,157.0000,157.0000,166.5000,10358378
2020-12-22,171.5000,163.5000,170.1000,169.2100,10112853
2020-12-23,167.9400,159.3100,166.7000,164.6600,8798758
2020-12-24,165.8400,160.0000,163.5000,163.0400,5858985
2020-12-25,163.8000,154.9100,162.0200,156.5600,9176270
2020-12-28,166.7000,158.5100,158.5100,165.0100,9637430
2020-12-29,167.7400,161.0000,164.7500,164.0000,6780282
2020-12-30,165.6000,160.8800,164.2100,164.7900,6733783
2020-12-31,168.8000,163.0000,165.6000,168.1500,7397963
2021-01-04,175.7400,161.0000,168.8000,162.2600,13057488
2021-01-05,167.9500,160.5000,161.8700,167.5000,10092305
2021-01-06,188.5800,168.5100,168.5100,188.0000,16787175
2021-01-07,188.3000,183.0000,185.7700,185.0000,10007688
2021-01-08,197.0000,185.7900,188.3400,195.3800,10227416
2021-01-11,227.8800,192.1500,196.0100,226.6000,16098899
2021-01-12,234.5000,208.0500,220.5000,229.9600,13441263
2021-01-13,257.7000,227.2600,227.2600,243.9900,13779384
2021-01-14,258.9900,231.8600,247.0100,245.4200,13459581
2021-01-15,245.2500,223.3300,241.7100,230.1000,12641850
2021-01-18,257.5000,229.1100,229.1100,254.5000,11654936
2021-01-19,262.0000,236.7400,255.0000,238.7300,11937953
2021-01-20,251.0000,231.9400,240.0000,243.7400,9604444
2021-01-21,262.3200,246.0300,248.1700,254.3500,10619759
2021-01-22,290.0000,249.0000,254.3600,284.3600,17217899
2021-01-25,299.9900,266.7300,274.8000,289.8000,18380666
2021-01-26,294.0000,274.9200,283.5800,276.5200,12210143
2021-01-27,278.0000,256.6700,272.0300,272.0500,11744291
2021-01-28,268.0000,242.3000,266.0000,242.6000,14700833
2021-01-29,254.0000,213.1100,250.2200,234.1800,18344941
2021-02-01,245.0000,232.2500,236.0000,237.0400,9440740
2021-02-02,240.0000,222.6500,240.0000,229.0000,12185685
2021-02-03,242.1600,227.1000,232.0000,237.9700,12432904
2021-02-04,237.7900,222.5500,230.0800,224.9000,10289706
2021-02-05,233.1000,207.0000,229.0100,214.3000,14015073
2021-02-08,223.5000,209.0100,220.2100,218.6500,8828793
2021-02-09,237.3000,215.5300,219.2000,232.6100,11993759
2021-02-10,238.9600,222.2100,234.0000,235.2700,9691471
2021-02-18,228.5400,192.2000,228.0100,203.8500,19380944
2021-02-19,211.1600,197.5100,201.0000,210.2500,10716405
2021-02-22,208.8100,197.5000,205.0000,200.9200,8924885
2021-02-23,207.8500,200.9200,200.9200,203.5100,7137218
2021-02-24,203.5700,195.0000,200.0000,199.0300,6668502
2021-02-25,210.0000,194.1000,201.0000,204.3500,7957060
2021-02-26,219.4700,198.5000,200.0000,212.9100,10036144
2021-03-01,222.8000,203.8800,212.0000,221.6100,9364750
2021-03-02,243.8900,217.5800,221.4800,232.5000,12579011
2021-03-03,239.9800,227.0000,230.0000,232.2400,7475184
2021-03-04,231.7100,215.7800,230.0000,216.1200,9120877
2021-03-05,222.3000,205.0000,205.0000,217.0000,7800965
2021-03-08,226.5600,210.1200,221.4600,211.7700,7597955
2021-03-09,220.4400,206.2100,213.0000,212.3000,6839163
2021-03-10,225.8700,213.0000,216.3500,224.5100,8359754
2021-03-11,236.0000,218.0200,224.5000,223.5500,9881747
2021-03-12,227.5000,215.2000,221.5500,220.2200,5952869
2021-03-15,218.5000,197.0000,218.5000,198.0000,9739243
2021-03-16,192.3000,177.7700,180.3300,181.0000,15254177
2021-03-17,188.2500,178.1300,180.0000,184.8800,9053293
2021-03-18,188.5000,180.0200,187.0000,183.9900,7493722
2021-03-19,185.7900,180.2800,184.8000,181.0800,5034631
2021-03-22,182.8800,176.0100,182.1100,179.0900,6784625
2021-03-23,179.0900,165.1800,179.0900,165.9000,13090519
2021-03-24,170.0000,155.5800,167.8900,158.2000,9926015
2021-03-25,158.0000,149.9000,157.1100,150.4000,9162223
2021-03-26,159.0300,149.1300,154.0200,156.0000,9969382
2021-03-29,161.9800,153.5100,156.8100,157.0200,6888351
2021-03-30,160.5800,155.8700,155.8700,158.4000,5935621
2021-03-31,165.9700,159.5100,161.0700,161.5900,7893644
2021-04-01,172.8800,160.7000,162.4700,171.5000,9061548
2021-04-02,175.8900,164.0600,172.1000,169.9500,7833823
2021-04-06,172.6600,166.7700,168.5200,170.8900,4685271
2021-04-07,174.9900,167.0000,173.7900,169.1000,6721369
2021-04-08,174.8800,166.3600,168.5000,173.7900,6454545
2021-04-09,184.6500,172.0000,172.8800,176.4400,9351530
2021-04-12,174.0000,149.7000,174.0000,149.8800,14312120
2021-04-13,152.8000,145.2200,150.4100,148.7500,6892093
2021-04-14,149.7700,140.7500,147.7800,145.9400,11573911
2021-04-15,155.9100,146.2000,154.0000,150.0500,13982729
2021-04-16,149.9000,141.5000,149.8000,148.8400,9682976
2021-04-19,156.4700,149.0200,151.0000,153.1600,9591098
2021-04-20,156.3500,147.0000,150.0000,152.9000,9359066
2021-04-21,162.0000,153.8800,153.8800,159.6400,10902645
2021-04-22,161.7000,152.0000,161.7000,157.4000,9974011
2021-04-23,180.1200,157.5000,160.0000,173.6000,18525119
2021-04-26,185.0000,173.8700,181.0000,174.4500,16971736
2021-04-27,174.0000,163.5000,172.0200,167.0000,13259586
2021-04-28,165.4000,158.8800,164.0100,160.6800,11462059
2021-04-29,165.8000,157.0000,160.0100,164.5500,11894540
2021-04-30,171.5600,162.1100,162.5000,170.5500,12938861
2021-05-06,168.5800,158.5100,168.5800,158.9500,12024238
2021-05-07,160.6600,145.9600,158.0100,147.0000,12336519
2021-05-10,150.9900,143.1400,147.0000,144.1000,8920468
2021-05-11,143.8100,139.0000,142.2000,140.6100,8121587
2021-05-12,146.1800,137.0200,138.6200,144.8900,9080496
2021-05-13,147.7800,142.3800,145.0000,145.2100,7169103
2021-05-14,147.2300,142.7000,145.0000,145.1500,7704380
2021-05-17,153.0000,146.0000,146.0000,148.7000,9377905
2021-05-18,147.0000,138.9000,147.0000,140.5000,12892132
2021-05-19,141.2000,137.8100,139.0200,139.7500,6117557
2021-05-20,145.8800,138.2000,139.7500,143.8200,11428158
2021-05-21,144.5500,139.7100,144.0000,140.7000,6779877
2021-05-24,140.3900,130.9500,140.3900,136.4400,11951350
2021-05-25,138.4400,134.6600,135.9700,137.6100,7503354
2021-05-26,144.4400,134.2000,137.5500,141.1500,11739513
2021-05-27,144.2800,141.1900,141.8200,143.5200,9994818
2021-05-28,144.4000,138.2500,144.0100,139.3300,8415899
2021-05-31,146.8700,141.6000,144.0200,142.0500,12153377
2021-06-01,143.4300,139.8800,142.0200,142.6500,7653058
2021-06-02,123.0000,114.1200,118.1200,114.1200,34476036
2021-06-03,110.9100,105.9000,108.9900,106.3600,27182326
2021-06-04,108.5000,106.0100,107.0000,106.4400,15071978
2021-06-07,108.0000,103.3300,106.7000,105.8000,14169623
2021-06-08,105.3000,100.6600,105.0500,100.7700,21739172
2021-06-09,102.4300,99.9700,101.0000,101.1600,12117493
2021-06-10,102.0800,99.2800,101.8700,100.1000,14274853
2021-06-11,102.3400,99.0200,100.2100,100.6000,15167571
2021-06-15,102.9000,98.7100,100.8000,99.0000,11224924
2021-06-16,99.9200,97.0000,98.6800,97.4000,10071942
2021-06-17,99.3400,96.7000,97.4100,98.0900,8731264
2021-06-18,99.2000,97.2500,98.0600,98.9300,8514925
2021-06-21,107.9400,99.1400,99.1500,104.7300,21485136
2021-06-22,104.4800,100.8300,104.4800,102.4000,13154313
2021-06-23,102.8500,99.6600,101.6000,100.4700,10986004
2021-06-24,104.4900,99.3600,101.0000,102.1100,14165274
2021-06-25,107.2700,101.8000,102.0000,105.0000,17466332
2021-06-28,116.8000,106.4900,106.4900,115.8000,32418930
2021-06-29,126.8800,113.0000,115.6000,126.0000,35542544
2021-06-30,126.9300,120.0000,125.0000,124.8000,19932393
2021-07-01,131.0000,122.0000,125.5000,122.0000,25687586
2021-07-02,123.8700,116.8000,119.7500,119.0400,17510391
2021-07-05,121.5000,115.1800,118.0300,115.9500,14927557
2021-07-06,118.7700,112.2600,118.0000,113.5500,12626605
2021-07-07,117.1400,112.6100,113.0000,116.1500,11659149
2021-07-08,117.4500,113.0000,117.0000,113.2400,10565311
2021-07-09,122.8500,113.7300,113.7300,119.4900,19301296
2021-07-12,120.2600,115.2400,119.8800,116.2500,15471902
2021-07-13,116.4100,110.7900,115.0000,116.4100,13527659
2021-07-14,120.1000,114.5100,115.2600,116.0000,13756821
2021-07-15,124.0200,114.2600,117.5700,122.3700,21163589
2021-07-16,126.0200,119.5000,122.5000,120.2800,15227548
2021-07-19,121.8000,118.4400,119.8000,119.7000,8465321
2021-07-20,125.7900,119.7000,123.0000,119.7500,11901667
2021-07-21,118.9000,114.6100,118.9000,114.9100,16400643
2021-07-22,117.0000,112.3500,114.0100,113.9000,10313373
2021-07-23,115.1900,104.8000,113.5000,105.9000,17371510
2021-07-26,106.5500,99.0800,105.1200,100.8900,14205903
2021-07-27,104.1400,99.6600,101.0200,101.0400,13167223
2021-07-28,109.4700,98.6600,100.9900,107.1500,18181965
2021-07-29,109.3800,105.0000,107.3000,108.3000,13676676
2021-07-30,118.9000,106.6000,106.6200,116.9900,22769753
2021-08-02,124.8800,116.0300,121.5300,116.2500,20932928
2021-08-03,123.5000,117.0000,117.1800,122.5500,23246783
2021-08-04,121.8900,117.5500,121.8900,119.7100,16318230
2021-08-05,121.6000,113.6800,119.7100,114.3100,16325447
2021-08-06,113.6800,108.0100,113.3000,109.0100,14177178
2021-08-09,112.8000,107.0000,107.9300,110.3900,9945367
2021-08-10,111.5400,108.2800,110.5000,109.7600,7988931
2021-08-11,112.3800,107.6400,109.5500,109.3000,9554514
2021-08-12,110.3900,107.4100,108.1600,107.9100,7514518
2021-08-13,111.3000,108.0000,108.8800,109.9700,8757626
2021-08-16,110.9000,108.0400,110.8800,108.2600,7042573
2021-08-17,113.6300,108.0000,108.3000,110.8000,14943983
2021-08-18,112.0000,105.6300,111.0000,106.7500,10532814
2021-08-19,107.9800,104.5000,107.3700,104.9900,7534306
2021-08-20,104.0500,101.5000,104.0500,102.4700,7543543
2021-08-23,105.9700,101.2000,102.2800,105.1500,7295308
2021-08-24,107.7100,103.8600,105.0100,105.9500,7608161
2021-08-25,106.8800,104.5100,105.7900,105.0600,6686772
2021-08-26,105.2200,101.5000,105.0000,102.4500,9296989
2021-08-27,106.3000,101.1800,101.4000,105.2100,9542901
2021-08-30,108.4200,101.6000,106.8900,101.6700,12701349
2021-08-31,103.3000,99.5100,100.1300,102.1700,6723898
2021-09-01,103.4900,100.4500,101.4000,102.8700,6658372
