,ema_fast,ema_slow,annual_return,sqn,trades
0,1,10,-3.1541897090016313,-0.6046522823593615,56
1,1,11,-4.444080883300838,-0.8283968020653616,50
2,1,12,-5.225601175210925,-0.9875580631714463,51
3,1,13,-4.462889335909274,-0.817951160019024,51
4,1,14,-8.286579462164488,-1.7429442173836431,53
5,1,15,-10.861187186074323,-2.2753267880181776,55
6,1,16,-4.0836955544681475,-0.5079791873802012,51
7,1,17,-3.76046198446661,-0.4818287615867288,50
8,1,18,-3.4833954292179503,-0.46764988640775945,44
9,1,19,-2.8525376575695374,-0.4766715327997262,40
10,1,20,-4.310116909652931,-0.7847214737300479,38
11,1,21,-4.761155044941742,-0.9318474821655931,38
12,1,22,-5.107726889661776,-1.0472350640110673,36
13,1,23,-3.4338389017850823,-0.6550363475164321,35
14,1,24,-2.769397193252369,-0.5297599182324695,33
15,1,25,-1.801402186992699,-0.3462278673152335,30
16,1,26,-0.020301850183038553,-0.003792104764830934,29
17,1,27,-3.200826127419143,-0.7573419195927155,28
18,1,28,-3.684469252342536,-0.9678997577574392,26
19,1,29,-2.490182334992346,-0.5334105928979361,27
20,1,30,-1.9367418530588838,-0.4140348201851422,24
21,1,31,-1.4787944375830002,-0.3237643708522067,23
22,1,32,-2.479769657745435,-0.5318901027924349,23
23,1,33,-2.5882699504117825,-0.545840074778708,23
24,1,34,-0.6271249837090651,-0.14675095694233303,21
25,1,35,-1.3810579373584901,-0.3357252867824121,21
26,1,36,10.867678923418712,0.698603886434192,22
27,1,37,10.868725601073754,0.7512403793488117,24
28,1,38,12.095965754669209,0.8485605646854182,22
29,1,39,11.115546225292434,0.7774283828991306,21
30,1,40,17.3442375844947,1.0584675275013582,21
31,1,41,18.135245095980437,1.1842437124079734,20
32,1,42,16.65482091830718,1.1240463094063755,20
33,1,43,18.79404642467714,1.1560998262295732,19
34,1,44,18.71861526764403,1.19104590563878,19
35,1,45,19.178500693768132,1.2077744921283178,18
36,1,46,19.53498085591325,1.2214973894935552,17
37,1,47,5.864857095645167,1.0289637500693196,17
38,1,48,6.284710241857792,0.9780479745051928,16
39,1,49,5.884332951998222,0.8742208980883404,16
40,1,50,5.077192033446226,0.7238944066518292,17
41,1,51,4.65914440771259,0.6733264305224536,17
42,1,52,4.65914440771259,0.6733264305224536,17
43,1,53,4.078026279462776,0.6231511268008144,17
44,1,54,4.6368477728636694,0.7273364822129764,16
45,1,55,5.811048013054749,0.9064509442099167,16
46,1,56,8.378040003416823,1.1617783982950565,17
47,1,57,9.579561145113955,1.2871681494999752,18
48,1,58,9.579561145113955,1.2871681494999752,18
49,1,59,8.516836619772654,1.1159734996250676,20
50,1,60,9.011647552698308,1.1660919843505704,20
51,1,61,8.529886881606226,1.146337439215718,20
52,1,62,8.230812050910409,1.0981504122174184,21
53,1,63,6.084266997709693,0.9067271002491151,21
54,1,64,6.084266997709693,0.9067271002491151,21
55,1,65,6.494945785678451,0.9572770182724891,20
56,1,66,6.120287030888158,0.913434178010327,19
57,1,67,5.755413023093518,0.8906727339884152,19
58,1,68,5.481377111007032,0.8544807611196121,20
59,1,69,3.5691468955766763,0.5241445202470958,20
60,1,70,3.3423077145236983,0.4791068541350567,17
61,1,71,2.8805728612550365,0.4194459314177852,18
62,1,72,2.4147920868090162,0.36041663344747904,17
63,1,73,2.1964090980058497,0.33025839698937187,18
64,1,74,4.201386019724869,0.575050576076731,18
65,1,75,4.201386019724869,0.575050576076731,18
66,1,76,4.201386019724869,0.575050576076731,18
67,1,77,3.947003587339685,0.5680975206294717,17
68,1,78,4.960961665661387,0.6967025589384988,16
69,1,79,4.960961665661387,0.6967025589384988,16
70,2,10,-3.9986472646097226,-0.6485598553424579,40
71,2,11,-4.860134653080579,-0.7366275832409234,40
72,2,12,-7.73981439708204,-1.1670806486293317,42
73,2,13,-5.922776886784047,-0.8786833565383951,38
74,2,14,0.9993961069757574,0.11351776380028276,39
75,2,15,3.903654131107248,0.4279713739841611,37
76,2,16,2.5450318312782114,0.30141266918780674,33
77,2,17,-0.10215472035425677,-0.013830726042302996,31
78,2,18,-0.681821626656706,-0.10250177238827,30
79,2,19,-6.002473761762689,-1.4174705931103881,26
80,2,20,-7.2189093563682585,-1.5322711255558132,24
81,2,21,-6.550866699330274,-1.4855541505281973,22
82,2,22,-1.9916524487168452,-0.46102068431077076,23
83,2,23,-1.2572636433400755,-0.27971051798967206,21
84,2,24,0.1605127430056021,0.03462903341279587,21
85,2,25,-4.119446014008614,-1.4060458823759467,21
86,2,26,9.495188241880218,0.7296696450116223,19
87,2,27,10.18661796341816,0.7700331898757752,17
88,2,28,12.58261556428894,0.8759512008463878,16
89,2,29,12.285348340345118,0.8612614811470432,17
90,2,30,12.866613876865078,0.8906438079857135,15
91,2,31,11.205772307423489,0.7905861449659348,15
92,2,32,11.753206351393784,0.8124986409101805,13
93,2,33,11.14602694743239,0.8028699842178998,15
94,2,34,15.57914203988862,0.9967624496154261,16
95,2,35,15.57914203988862,0.9967624496154261,16
96,2,36,14.94673640713816,0.9076507584635488,16
97,2,37,11.72872034198325,0.7715175249587052,16
98,2,38,18.24981041001776,1.025751878460087,14
99,2,39,17.185395371968223,0.9626730798174563,14
100,2,40,17.575734068304527,1.006626243312706,14
101,2,41,17.575734068304527,1.006626243312706,14
102,2,42,18.513124922253095,1.1100710012725945,13
103,2,43,4.597675288758187,0.6966779996117557,11
104,2,44,5.150636932345503,0.7963676073518275,10
105,2,45,6.971954411661343,0.9319617360155874,14
106,2,46,6.993278197276695,0.9366912024206004,13
107,2,47,6.5607054500215325,0.8943115889773774,13
108,2,48,5.056860087671787,0.6281851582770052,15
109,2,49,4.994674003533275,0.622795401113049,15
110,2,50,4.93379453538116,0.6614670002895612,14
111,2,51,4.906736248265299,0.6806588060300696,14
112,2,52,4.906736248265299,0.6806588060300696,14
113,2,53,4.906736248265299,0.6806588060300696,14
114,2,54,4.906736248265299,0.6806588060300696,14
115,2,55,5.328640854232311,0.7348570461255711,13
116,2,56,4.855571353172476,0.6839823891808181,13
117,2,57,2.5102854005072386,0.40074532955182246,12
118,2,58,2.706605066623185,0.43938223879322585,12
119,2,59,21.042931319481802,0.9556730213036689,12
120,2,60,21.467541101438325,0.9645374703612728,12
121,2,61,21.38861794916156,0.9705200575933737,10
122,2,62,20.755853611522955,0.9040612656057686,11
123,2,63,3.8382558272566736,0.5741507530287266,10
124,2,64,2.9160805688248645,0.4170324364952119,11
125,2,65,3.544294516922101,0.5220892140981505,11
126,2,66,2.6662155768029496,0.40684304463119286,12
127,2,67,1.785245933168516,0.2791094299083708,13
128,2,68,2.008412016345029,0.3155213907691037,12
129,2,69,2.008412016345029,0.3155213907691037,12
130,2,70,2.355630830438589,0.3671863811019625,12
131,2,71,3.081805152906276,0.45032726354771946,14
132,2,72,1.8431695632664613,0.3151154931994428,14
133,2,73,-0.07524174059087596,-0.011897583368490935,14
134,2,74,-0.31584352068,-0.05025840645304521,15
135,2,75,-0.31584352068,-0.05025840645304521,15
136,2,76,-3.315424171171512,-0.5075720641657882,16
137,2,77,-3.440562558872388,-0.541819114979196,17
138,2,78,-3.289889056079339,-0.5157958051031546,17
139,2,79,-3.065302677251178,-0.47856381608869997,17
140,3,10,-5.194585367013062,-0.7763769995524284,38
141,3,11,-4.79126460265415,-0.7468738266306365,36
142,3,12,-7.407312889779052,-1.1537394257281155,37
143,3,13,-0.07981003631744987,-0.009187195837478492,35
144,3,14,-2.5773805568051347,-0.33745807364813585,32
145,3,15,-0.4115855423305733,-0.05113002926641123,31
146,3,16,-1.184585317818313,-0.16633105147058,26
147,3,17,-0.10688268038618366,-0.015247003093108774,25
148,3,18,-5.596558664903087,-1.2090437837399448,22
149,3,19,-6.598167646998118,-1.4811832969320289,24
150,3,20,-6.499021928731503,-2.181876611673743,19
151,3,21,2.314016391282196,0.2961628523870743,17
152,3,22,10.340351821383114,1.1331333384541329,18
153,3,23,10.340351821383114,1.1331333384541329,18
154,3,24,10.798141441971044,0.8112572012755871,16
155,3,25,10.18004094257857,0.7915119903397749,13
156,3,26,13.326016023943183,0.9599830595139773,13
157,3,27,13.948045716837168,1.044364434184498,11
158,3,28,13.048573323979994,1.002424963063779,10
159,3,29,12.34284557933627,0.9052071211510643,13
160,3,30,11.508023074659055,0.8944919536456055,13
161,3,31,13.03252725244351,0.9670210483985628,14
162,3,32,12.611075784543758,0.9172304969914222,15
163,3,33,12.180849547516846,0.8688796061828339,16
164,3,34,17.889340371239612,1.0891390506106644,16
165,3,35,19.36992193384961,1.1552213284523143,13
166,3,36,18.032533711001506,1.0170128178577234,13
167,3,37,17.2751649948902,0.948135892569286,12
168,3,38,17.164947992243768,0.9420585522150374,13
169,3,39,17.011701811177875,0.9203993267995362,13
170,3,40,15.036745367981725,0.8287055574985672,13
171,3,41,18.36831199878469,0.977107467201341,14
172,3,42,4.122235944452237,0.5385839623701678,13
173,3,43,4.540131140506977,0.604046510158354,12
174,3,44,5.01236682858577,0.6594252735408864,13
175,3,45,4.4683202413639584,0.572356861768642,13
176,3,46,4.260422478605698,0.5484409313090389,13
177,3,47,4.199892307416581,0.583833884608341,12
178,3,48,4.199892307416581,0.583833884608341,12
179,3,49,24.081838343036956,0.9783212900298875,12
180,3,50,23.524568352661696,0.9694305717720877,12
181,3,51,23.463324874106682,0.9656276300744042,13
182,3,52,23.281102623384207,0.9628394349643647,13
183,3,53,21.749314842459892,0.9684599850225981,13
184,3,54,21.48074357050094,0.9657455161316559,12
185,3,55,20.44951081604543,0.9417843330365797,13
186,3,56,17.557336781997535,0.8798003803802416,12
187,3,57,17.351672474084587,0.8770038956120448,11
188,3,58,17.351672474084587,0.8770038956120448,11
189,3,59,17.351672474084587,0.8770038956120448,11
190,3,60,16.95667932644431,0.8666823299742095,11
191,3,61,16.347052410827445,0.8046460986166389,12
192,3,62,-2.11373936622088,-0.36779538042749765,12
193,3,63,-0.6394579976311612,-0.1097566252863209,13
194,3,64,-0.8145547138790085,-0.13940492842768587,12
195,3,65,-1.3628004830844138,-0.25597923351611057,12
196,3,66,0.07045180605151931,0.01315014088154404,12
197,3,67,0.07045180605151931,0.01315014088154404,12
198,3,68,0.07045180605151931,0.01315014088154404,12
199,3,69,-0.8181678908554533,-0.14880642061422902,13
200,3,70,-1.0364176057591201,-0.19068409665488983,14
201,3,71,0.22495860464790352,0.037048044418002586,16
202,3,72,-0.9259566628311995,-0.15181677544887218,15
203,3,73,-1.006405386982432,-0.16539428432709347,15
204,3,74,-0.09310042569694572,-0.015223587930724269,15
205,3,75,-3.063738786259481,-0.5236181252765587,15
206,3,76,-3.322481786049453,-0.5744077031506559,16
207,3,77,-5.310252428657072,-0.8360168429100028,16
208,3,78,-5.310252428657072,-0.8360168429100028,16
209,3,79,-5.310252428657072,-0.8360168429100028,16
210,4,10,-7.192204402002391,-1.0981572246677975,35
211,4,11,-7.2451404994998425,-1.0825682336204754,36
212,4,12,-2.8619593549900735,-0.373150232874383,33
213,4,13,1.8669321300192598,0.22288829882376654,29
214,4,14,1.0975187022797097,0.14303591490516435,27
215,4,15,-0.5697296474467195,-0.07738881917531834,23
216,4,16,2.2442389577834176,0.27432421687511954,22
217,4,17,4.2122939281596885,0.48815097074528424,20
218,4,18,3.4463905619896975,0.4052128042268974,18
219,4,19,1.9379534649376133,0.24894697322606418,16
220,4,20,3.3770088717774414,0.4237663685790544,14
221,4,21,4.573036200498281,0.5514508806373947,14
222,4,22,10.821945153020927,1.2689856579815908,11
223,4,23,10.850229142761663,0.8987831217969448,10
224,4,24,10.24551326641431,0.8202898525847621,13
225,4,25,13.013684337075695,0.9129068623488594,12
226,4,26,12.159781087200203,0.8930302234954175,11
227,4,27,10.129736622764677,0.8276197025163443,11
228,4,28,12.210675756267758,0.9576802943688538,12
229,4,29,13.642534195308517,1.0210274732184397,12
230,4,30,16.51631950835423,0.9309188066520562,15
231,4,31,16.548235832983444,0.9669942626903882,14
232,4,32,16.984395690082444,1.0136145580187415,13
233,4,33,17.232054544637386,0.9858358524241919,12
234,4,34,15.47209466291189,0.902100381709975,14
235,4,35,17.65252125757992,0.9333623226143788,15
236,4,36,17.264160493041096,0.9288572281379301,14
237,4,37,17.001482999958785,0.8661370441662953,14
238,4,38,17.552272117801675,0.909027420026605,14
239,4,39,18.259049691867453,0.9772794234124181,13
240,4,40,18.22481738776825,0.976480878979877,13
241,4,41,3.9214415240468767,0.5124073146610164,13
242,4,42,4.212719323388607,0.5606897683542943,14
243,4,43,6.048739139848066,0.8601645859071153,12
244,4,44,25.710398968629633,1.0941094071355943,11
245,4,45,25.002836489670564,1.0834416564162244,11
246,4,46,24.193950219028906,1.0696910471398768,11
247,4,47,24.45102518399081,1.0739177987348743,11
248,4,48,19.665138775609865,0.978225456648496,11
249,4,49,19.775965996448093,0.979191181618514,11
250,4,50,18.733900227508826,0.9492953596490735,12
251,4,51,20.77937453839476,1.1056020288178356,13
252,4,52,20.77937453839476,1.1056020288178356,13
253,4,53,19.348457669133477,1.1058874481806906,13
254,4,54,22.157054584582205,1.1737681881918975,13
255,4,55,21.045513936345237,1.1031681223092602,14
256,4,56,17.32692309613198,0.9463385331636864,13
257,4,57,16.37547776517597,0.9164673917070598,14
258,4,58,16.37547776517597,0.9164673917070598,14
259,4,59,16.184951933766676,0.9104427664289455,14
260,4,60,15.094276431783934,0.8783022591289106,14
261,4,61,14.781134453097797,0.8660633745592642,15
262,4,62,14.781134453097797,0.8660633745592642,15
263,4,63,15.094276431783934,0.8783022591289106,14
264,4,64,15.039489158458805,0.8764908407871087,14
265,4,65,-2.805020959474695,-0.5499970480709718,14
266,4,66,-2.657981248341099,-0.5239434637640619,14
267,4,67,-2.23866136896427,-0.42487196722244663,15
268,4,68,-4.5036058815832325,-0.9194180401542354,14
269,4,69,-2.68901629298329,-0.5259030795744069,13
270,4,70,-2.68901629298329,-0.5259030795744069,13
271,4,71,-3.0769951664872166,-0.5831677528406319,13
272,4,72,-1.3859908894708723,-0.23060092398978915,14
273,4,73,-0.7558528769895212,-0.12591790237417053,14
274,4,74,-1.898471063196673,-0.31041198167723644,16
275,4,75,-1.2868926017535502,-0.20645842287540153,16
276,4,76,-1.2868926017535502,-0.20645842287540153,16
277,4,77,2.0553374579967287,0.3794686438856242,13
278,4,78,2.0553374579967287,0.3794686438856242,13
279,4,79,-1.8596185274325119,-0.30599834728220926,15
280,5,10,-8.075467920466258,-1.3965474703446763,30
281,5,11,-1.8001964314366496,-0.21313975634788507,30
282,5,12,-1.050052413945232,-0.12101219797016531,30
283,5,13,-0.5339296239272524,-0.06564286224528763,26
284,5,14,1.947372234682842,0.2584455562121099,20
285,5,15,4.101058490051643,0.46907401562068485,20
286,5,16,4.512370154054275,0.5101796255553165,19
287,5,17,2.356776657402706,0.3123376474830268,14
288,5,18,2.7104598706738767,0.3553159192116088,14
289,5,19,4.171016160851999,0.5092141940054591,14
290,5,20,3.6695446161895835,0.4551451155425191,12
291,5,21,3.0976860170256963,0.3581837084312509,13
292,5,22,9.50851034359183,1.0541162907067188,12
293,5,23,8.092425539078384,0.6465410781406676,13
294,5,24,6.230311687575204,0.4797893306412583,12
295,5,25,6.557665974866035,0.508426589848787,11
296,5,26,9.803190676171928,0.7297947754810493,12
297,5,27,17.383884972847614,1.0774062907659725,11
298,5,28,17.82319460489269,1.133379126513062,10
299,5,29,16.914223116271742,1.1492347110219434,10
300,5,30,16.1544137263615,1.0529079428928785,11
301,5,31,18.3285337722138,1.0342046175148325,11
302,5,32,18.3285337722138,1.0342046175148325,11
303,5,33,18.164138337851334,1.0148110014712926,12
304,5,34,16.865470591529153,0.9023440171066058,14
305,5,35,16.541382045805666,0.9008998301468477,14
306,5,36,16.29360090510728,0.880108940521936,14
307,5,37,17.77263018946208,1.0199161375845527,13
308,5,38,18.97700358543439,1.0694092599017484,13
309,5,39,4.727254729104372,0.6573227950539627,13
310,5,40,3.759684805860398,0.5203813424110216,12
311,5,41,3.665928260591431,0.5060575165062079,12
312,5,42,22.714430309265147,1.0352145534233401,12
313,5,43,22.569851613200463,1.0293177769871635,13
314,5,44,20.86862212610313,1.1097106935379557,13
315,5,45,20.62990430018384,1.1038622002344847,13
316,5,46,20.62990430018384,1.1038622002344847,13
317,5,47,20.118931763935535,1.0907788079958056,13
318,5,48,20.094167242160804,1.0901384370824339,13
319,5,49,21.09256132779576,1.2043287727133813,12
320,5,50,20.49672549121802,1.1883708593830364,12
321,5,51,18.487196354035678,0.9809143529506607,13
322,5,52,18.714182699284123,0.9899270314311849,12
323,5,53,19.415331642506658,1.036221111260272,13
324,5,54,19.486082914011256,1.0362515574148443,13
325,5,55,18.923471889634065,1.0212621558524944,13
326,5,56,17.80719613977761,0.9927859257510355,13
327,5,57,18.26670320339776,1.0013266821475872,14
328,5,58,15.427332685886205,0.921474388043647,13
329,5,59,15.578086168413167,0.9266847890323373,13
330,5,60,15.578086168413167,0.9266847890323373,13
331,5,61,16.26337440515389,0.8850894353878983,13
332,5,62,12.207427902213023,0.7294097901311885,13
333,5,63,11.210730866306202,0.6887040534512593,14
334,5,64,11.210730866306202,0.6887040534512593,14
335,5,65,14.37486223037052,0.8063524294681514,13
336,5,66,14.331788790225614,0.803309717034139,14
337,5,67,14.81423370524127,0.8102434554040786,13
338,5,68,14.033873426633182,0.8106499249230043,12
339,5,69,16.26022425989581,1.0503401870029498,11
340,5,70,0.11745427038596112,0.0268630065488147,9
341,5,71,0.9838550596172887,0.2216778136098312,8
342,5,72,0.9838550596172887,0.2216778136098312,8
343,5,73,-1.8844176880070067,-0.6499400119916291,9
344,5,74,-1.7188790583285078,-0.5981496728637131,10
345,5,75,-1.741954579551284,-0.6066238536610652,10
346,5,76,-1.741954579551284,-0.6066238536610652,10
347,5,77,0.02971144739611168,0.009280463071255959,11
348,5,78,-0.8216145722569197,-0.2436022143260027,12
349,5,79,0.07652000593172137,0.023203740642976475,11
350,6,10,-1.4013026229310912,-0.17183610275267178,29
351,6,11,2.4141399402885346,0.2858972642925892,24
352,6,12,1.6334100368557984,0.20158857205906153,23
353,6,13,2.319332718899953,0.26636033951501714,20
354,6,14,4.883598158413443,0.5249791222678081,19
355,6,15,2.8494970744409382,0.3580535249042653,16
356,6,16,2.1977801705139206,0.2926653381630309,13
357,6,17,2.139307901108656,0.28518387978029053,13
358,6,18,3.8446553767224376,0.474189812107412,13
359,6,19,2.7511563844414724,0.3248547983916311,12
360,6,20,0.45803159857974163,0.04893927419375389,14
361,6,21,3.4751286502685836,0.3834124334640301,15
362,6,22,5.367534779293009,0.424968906703877,12
363,6,23,5.835898066170461,0.46287726982412697,11
364,6,24,10.12294076518876,0.790054763497109,12
365,6,25,16.071908311188746,1.1048901962880981,11
366,6,26,16.183335446713674,1.1175536248228919,10
367,6,27,16.183335446713674,1.1175536248228919,10
368,6,28,18.612270828059867,1.178437817644205,11
369,6,29,18.433656021335757,1.099671843568603,10
370,6,30,17.664035885485173,1.0116483374115823,11
371,6,31,17.345270481516238,0.9416518839303221,12
372,6,32,17.183617970972207,0.9261355818388115,13
373,6,33,17.583941619446872,0.9698168615829563,12
374,6,34,15.881391904853736,0.8895919190699452,13
375,6,35,16.549458531942946,1.0058869513456397,14
376,6,36,1.884900227750792,0.257484113714407,15
377,6,37,1.3839298771065685,0.19389134572941125,16
378,6,38,2.2190898695378047,0.3185551196931313,14
379,6,39,4.349522500076911,0.6058297414271339,15
380,6,40,2.1273868591380394,0.34122061785056435,13
381,6,41,2.4709110474363376,0.4043827683325854,12
382,6,42,1.914584341691691,0.32967799515915064,13
383,6,43,-0.17293137541264578,-0.029060520128852848,13
384,6,44,0.8530414338464798,0.16169972042143718,12
385,6,45,-1.091919739993383,-0.18501921501026886,13
386,6,46,-1.7031621070231544,-0.30425756412144944,13
387,6,47,15.385123112252666,0.7763872259404786,15
388,6,48,15.385123112252666,0.7763872259404786,15
389,6,49,17.892604443716838,0.8370730710625061,16
390,6,50,18.11789253681609,0.8435240924542385,15
391,6,51,17.954552360869222,0.8395772150495703,15
392,6,52,16.559076986147264,0.8311964251253785,15
393,6,53,16.659897353198346,0.8382148179747926,14
394,6,54,16.659897353198346,0.8382148179747926,14
395,6,55,18.58964776178274,0.8886097532720756,13
396,6,56,15.842103395904733,0.8196141058113213,12
397,6,57,13.17631227324906,0.662819944769964,12
398,6,58,15.90446786760294,0.741075111138738,11
399,6,59,11.891868254015261,0.6251472296383317,12
400,6,60,11.891868254015261,0.6251472296383317,12
401,6,61,12.894274213942417,0.6590253183465384,11
402,6,62,14.526368945534273,0.8056967824273453,10
403,6,63,14.526368945534273,0.8056967824273453,10
404,6,64,9.632912495492112,0.6260149612255289,9
405,6,65,8.536357965814616,0.5936170486214074,9
406,6,66,8.512165056085129,0.5538914118108577,9
407,6,67,8.512165056085129,0.5538914118108577,9
408,6,68,8.512165056085129,0.5538914118108577,9
409,6,69,8.980572898661473,0.5673539773810834,9
410,6,70,10.945708905572289,0.6473952651774775,10
411,6,71,10.945708905572289,0.6473952651774775,10
412,6,72,10.945708905572289,0.6473952651774775,10
413,6,73,12.605921672361099,0.7035246046654275,12
414,6,74,-3.1409126649153287,-0.8537097373298405,10
415,6,75,-3.122941362132161,-0.8787623683369109,11
416,6,76,-3.668023215956277,-1.0150090807332823,12
417,6,77,-3.2657611220196068,-0.9016109007581175,14
418,6,78,-2.775571577222212,-0.792816232429131,14
419,6,79,-4.659071187074652,-1.1289539213430138,15
420,7,10,1.993412557905649,0.2380121394063513,24
421,7,11,3.0765432786211027,0.3462488020490768,22
422,7,12,2.485140026618624,0.26200056655128406,21
423,7,13,4.827072602161872,0.5545309459832046,17
424,7,14,1.3994518675796617,0.19113814549764052,15
425,7,15,3.0780083477759774,0.3989745423004417,12
426,7,16,2.885165601442129,0.3764693471225399,10
427,7,17,1.8072156134004431,0.19466472419174125,13
428,7,18,1.2009632209438832,0.12419705703611128,13
429,7,19,-0.35459980094730215,-0.03879486672826796,14
430,7,20,0.6370795040190025,0.07301915632966131,13
431,7,21,5.500704474301844,0.4396473933974355,11
432,7,22,11.140700927840129,0.8332820951540584,8
433,7,23,17.14356358440088,1.1633295824118566,9
434,7,24,16.966762314427758,1.1435392216941374,9
435,7,25,19.049178779361736,1.191504981806657,11
436,7,26,18.589464687633395,1.1773143557343122,11
437,7,27,17.929011376770067,1.1684085058553617,12
438,7,28,17.75147482475476,1.0898851951777193,11
439,7,29,14.621246074127273,0.8459668304419776,14
440,7,30,14.58519459657295,0.8457991178018499,14
441,7,31,14.57444790168271,0.8373526441808347,15
442,7,32,15.248091087189422,0.9177820363000575,13
443,7,33,14.834016677236376,0.940266441524812,15
444,7,34,1.8224662049023252,0.25291291767943547,13
445,7,35,4.305861148424696,0.6074580665540661,13
446,7,36,3.4784128113758612,0.48627517639534557,15
447,7,37,0.3535280462038178,0.05847997668202956,16
448,7,38,-1.6480275792116656,-0.23928613054969333,14
449,7,39,-1.3171981247022635,-0.19380846808508517,13
450,7,40,-2.013303101294524,-0.3113025522997238,14
451,7,41,0.06442106902563317,0.010983282228134982,13
452,7,42,-1.5706277572560454,-0.28040636902088123,13
453,7,43,-4.954541802191431,-0.7718616019039304,15
454,7,44,-4.54444489693922,-0.6947578941573247,15
455,7,45,-4.8157499918002875,-0.7427265470404046,15
456,7,46,-0.3830842553201998,-0.0571917217847282,14
457,7,47,-2.2515283717126175,-0.30898607772743114,15
458,7,48,-1.9698180103267244,-0.29029450043905747,13
459,7,49,-3.5176129112340555,-0.47905348974344203,13
460,7,50,19.878526632191182,0.8000639952353451,12
461,7,51,19.28965354558044,0.819614035629675,11
462,7,52,16.507404229131815,0.7783323583458814,10
463,7,53,15.311445427578017,0.7439204741997972,11
464,7,54,16.344889568704954,0.7740361746399261,10
465,7,55,16.344889568704954,0.7740361746399261,10
466,7,56,11.37338795646957,0.6303511668068582,9
467,7,57,12.201881031829087,0.7495272041449456,9
468,7,58,12.201881031829087,0.7495272041449456,9
469,7,59,12.201881031829087,0.7495272041449456,9
470,7,60,12.268153228540294,0.7507249865946627,9
471,7,61,10.332096550632533,0.6750184858030068,8
472,7,62,10.332096550632533,0.6750184858030068,8
473,7,63,8.763794609548993,0.621032182418549,8
474,7,64,10.724947740300287,0.7122620448737856,9
475,7,65,9.287249789618375,0.6147464088564888,11
476,7,66,9.287249789618375,0.6147464088564888,11
477,7,67,9.287249789618375,0.6147464088564888,11
478,7,68,8.570432851491631,0.5300327028599005,12
479,7,69,8.484611871981702,0.5262908917513152,12
480,7,70,9.330849712932942,0.563650000454302,11
481,7,71,9.802718193867593,0.5749387467521296,11
482,7,72,7.1896812127054215,0.4143041242996327,15
483,7,73,6.270155491953752,0.37301385930245684,16
484,7,74,6.033589394035001,0.35875995106040176,17
485,7,75,-9.533387676989696,-2.017247624608474,16
486,7,76,-9.104438547776763,-2.011674760526783,15
487,7,77,-5.131341182581403,-0.7981208660173146,16
488,7,78,-5.131341182581403,-0.7981208660173146,16
489,7,79,-5.013106381582551,-0.7819273492668741,16
490,8,10,3.088920017940499,0.3470389558693656,23
491,8,11,3.3093676472827953,0.3656154781238115,20
492,8,12,3.705958178305356,0.4086755672222119,18
493,8,13,2.617020104226332,0.3436771553353051,14
494,8,14,2.1786079055444074,0.28989890135301266,11
495,8,15,-0.4724021423052569,-0.05438093515576237,13
496,8,16,0.522134376874908,0.05363168053002956,14
497,8,17,-0.4831940006846701,-0.05268910672741111,15
498,8,18,0.5895700240155795,0.06377780139722515,15
499,8,19,0.6584915606924843,0.07451447160446584,12
500,8,20,5.121599375898272,0.42595131800639285,10
501,8,21,13.815159844555685,0.8782981556964523,10
502,8,22,16.335934462367614,1.0606432724931971,10
503,8,23,18.77139270694377,1.1412546231352028,12
504,8,24,18.26238319846391,1.127065017581318,12
505,8,25,16.5658053885652,1.0272291110328922,13
506,8,26,16.874621418356636,1.0043599272946013,12
507,8,27,15.59692581662576,0.8876546175844311,13
508,8,28,15.066922579219009,0.8263409826868977,14
509,8,29,13.823561528952455,0.7607759319648963,16
510,8,30,13.1367662128206,0.7754289729485125,17
511,8,31,2.4147153113246116,0.31662802240938953,16
512,8,32,3.663229632987771,0.510813132246313,14
513,8,33,0.9077018080842176,0.11683516332995784,14
514,8,34,-0.9093330163723103,-0.14532793383266573,13
515,8,35,-0.9093330163723103,-0.14532793383266573,13
516,8,36,-1.0779313712850274,-0.16751249535946117,15
517,8,37,-1.367698911618196,-0.21642252654893662,15
518,8,38,-0.5192040240468279,-0.08677140500453974,12
519,8,39,-2.3240849203686027,-0.35626531324342203,14
520,8,40,-3.191001260346165,-0.5107997058913123,14
521,8,41,-4.90752174275867,-0.7311271404725564,15
522,8,42,-1.825881106070101,-0.30418191098928765,13
523,8,43,0.21598916563536752,0.031273943715686175,12
524,8,44,-1.5751299637939018,-0.20966240622499724,13
525,8,45,0.48107663704919923,0.07012201840190867,12
526,8,46,0.48107663704919923,0.07012201840190867,12
527,8,47,0.3052714299616801,0.04389797152018415,11
528,8,48,-1.3327813485355895,-0.22304914079934884,9
529,8,49,-1.3327813485355895,-0.22304914079934884,9
530,8,50,-1.3327813485355895,-0.22304914079934884,9
531,8,51,-7.217778805660839,-2.0830963175691966,9
532,8,52,-3.850811085793325,-1.3004505683678926,7
533,8,53,13.129023550507632,0.7920695145919454,8
534,8,54,12.774686658024633,0.7752529702096242,9
535,8,55,12.295247996536677,0.7562922579175241,9
536,8,56,12.295247996536677,0.7562922579175241,9
537,8,57,8.707531832290055,0.5294095123268899,9
538,8,58,10.276922251313431,0.6542214995920427,10
539,8,59,12.490125806644919,0.8043600166050646,12
540,8,60,12.490125806644919,0.8043600166050646,12
541,8,61,11.4311572002948,0.7838085755885628,12
542,8,62,11.4311572002948,0.7838085755885628,12
543,8,63,11.342807619552357,0.7799557321514353,12
544,8,64,11.342807619552357,0.7799557321514353,12
545,8,65,11.342807619552357,0.7799557321514353,12
546,8,66,9.040723810024124,0.6640672302025237,12
547,8,67,7.952980460366198,0.6012913988752575,12
548,8,68,6.755294848195279,0.48504076317012645,13
549,8,69,4.567283998708533,0.33108491105403726,15
550,8,70,9.582849804142537,0.5801754652918678,16
551,8,71,10.160513489164313,0.5897724103441536,16
552,8,72,12.502851510973867,0.6703008724004349,17
553,8,73,12.502851510973867,0.6703008724004349,17
554,8,74,-4.929864753037676,-0.7712418307324573,17
555,8,75,-4.64961588078308,-0.7213450733330845,17
556,8,76,-4.882443263882203,-0.7658672923313197,16
557,8,77,-4.9452904960998065,-0.778374711806405,16
558,8,78,-4.527929653169805,-0.708303887294626,16
559,8,79,-4.351442676806782,-0.6689640446000474,16
560,9,10,4.009158331222634,0.43429345422868276,18
561,9,11,4.89677514418482,0.5221105028797778,17
562,9,12,2.4884447512606616,0.3281698461762606,12
563,9,13,0.6021350790142841,0.07234126841444499,12
564,9,14,-1.3234314161069158,-0.14924657709044534,14
565,9,15,0.9380015494181949,0.09662691666148646,14
566,9,16,0.24089764175839073,0.025343836387668038,15
567,9,17,0.5486865263206868,0.06067194810383356,16
568,9,18,-0.2764308964961447,-0.03273644214382806,11
569,9,19,12.808323876426329,0.8325312216723088,10
570,9,20,11.185400743094736,0.7802161071262306,11
571,9,21,15.849802260080253,1.0129599840762917,14
572,9,22,16.0016923149274,1.0314121552584288,13
573,9,23,15.520990577167131,0.9828866356153597,13
574,9,24,16.066595253212604,0.9837055895439402,13
575,9,25,14.72196554960081,0.8543673543521758,13
576,9,26,14.429484258859265,0.8457437788539498,13
577,9,27,12.547150269448041,0.7189312007935615,15
578,9,28,13.547417936352508,0.780426061197666,16
579,9,29,2.603098091522597,0.32537181223025424,15
580,9,30,-0.2937304169192302,-0.035845089048702386,17
581,9,31,-1.3892528515904414,-0.21694557867996742,13
582,9,32,-1.415527187744069,-0.22121442024583815,14
583,9,33,-1.443708766643299,-0.22626243656789283,14
584,9,34,-1.912369509026528,-0.2788944359831413,13
585,9,35,-2.7231474064747068,-0.40339569487074317,15
586,9,36,-5.149258994225879,-0.7049085195218955,17
587,9,37,-4.082739918427555,-0.5904276185567118,14
588,9,38,1.0441321985176344,0.1568320552281245,12
589,9,39,-1.5975547389372062,-0.2489420602309502,11
590,9,40,0.46883993444964733,0.06742736449097501,12
591,9,41,0.6137892047583099,0.08770040496965502,12
592,9,42,0.6137892047583099,0.08770040496965502,12
593,9,43,-1.0762703865845447,-0.14158580554962744,13
594,9,44,-3.368352057402371,-0.46569471618899483,12
595,9,45,-1.8738628876020176,-0.2818529719088932,10
596,9,46,-5.409056917307172,-1.6801238427222998,8
597,9,47,-7.164662076856927,-2.0758033552608937,9
598,9,48,-3.7957937894556237,-1.289530337868888,7
599,9,49,-3.4994541012090528,-1.181418489292282,6
600,9,50,-3.436998174699292,-0.8917564452753068,8
601,9,51,-2.2910503089318404,-0.6631484383560486,7
602,9,52,-2.4386730541229773,-0.6967214992254562,8
603,9,53,-2.9892306034690024,-0.8549419459428332,8
604,9,54,13.430963230406789,0.8649767666055684,10
605,9,55,13.430963230406789,0.8649767666055684,10
606,9,56,13.430963230406789,0.8649767666055684,10
607,9,57,13.430963230406789,0.8649767666055684,10
608,9,58,13.299138813506309,0.9741173189386504,10
609,9,59,13.299138813506309,0.9741173189386504,10
610,9,60,13.299138813506309,0.9741173189386504,10
611,9,61,13.296523642344251,0.9739926212968772,10
612,9,62,10.444680192921648,0.8201461889894874,11
613,9,63,14.875339002781798,1.0195169600335376,11
614,9,64,13.3323985768155,0.8609397535003847,12
615,9,65,12.640617691525613,0.8312835170959023,13
616,9,66,12.547773106626256,0.8274208983810427,13
617,9,67,12.547773106626256,0.8274208983810427,13
618,9,68,11.493018045029233,0.6942283039005578,14
619,9,69,11.493018045029233,0.6942283039005578,14
620,9,70,11.297909746436321,0.6336451956780148,15
621,9,71,13.664639394110642,0.7086205611301919,16
622,9,72,13.74618207487623,0.7239200178703942,16
623,9,73,-2.9407647074856964,-0.4278926113473459,15
624,9,74,-3.715603886474686,-0.5670269690567817,16
625,9,75,-3.4289534041249765,-0.5187269344068859,16
626,9,76,-2.6934801555771717,-0.42132216162914643,16
627,9,77,-2.6543342331321536,-0.414776729261943,16
628,9,78,-0.8067929333656443,-0.12305222646085699,15
629,9,79,-1.0865933254831448,-0.1782482605990482,15
630,10,10,0.0,0.0,0
631,10,11,1.935733074044296,0.24943706450070297,13
632,10,12,-0.1093425304688784,-0.012714140715346671,13
633,10,13,-0.07736201085176993,-0.00852559107211725,15
634,10,14,0.6416569386028185,0.06679399625546661,14
635,10,15,0.19903802031423493,0.020908813838978253,15
636,10,16,-0.36540792492520446,-0.04224231319945148,14
637,10,17,0.047191809459961424,0.005661043817831741,11
638,10,18,12.915034095999832,0.8476263855717624,12
639,10,19,11.938979391322423,0.8267359556718659,12
640,10,20,15.353028368708326,0.9971137360523896,14
641,10,21,15.12652344278687,0.9593732379503188,14
642,10,22,16.366840945364352,0.9944363829162371,13
643,10,23,15.733092607925848,0.9715505825242943,13
644,10,24,14.436561995369464,0.8274033062914876,13
645,10,25,12.930760148064472,0.7330082195034252,15
646,10,26,-0.6721197885421275,-0.07940537072776863,15
647,10,27,0.010900442753772215,0.001239225120378844,16
648,10,28,0.4443343342155439,0.05271549504110055,15
649,10,29,-1.3323388733110035,-0.19522948055829925,12
650,10,30,-2.0822464809081027,-0.313768871322513,14
651,10,31,-1.385503189225922,-0.21556558460815067,14
652,10,32,-1.385503189225922,-0.21556558460815067,14
653,10,33,-0.08983938230854115,-0.012028358098991403,13
654,10,34,-2.1468103334120556,-0.28303636419167194,15
655,10,35,-2.5331007728144956,-0.3572745232132488,15
656,10,36,-3.191500436313409,-0.450521704911301,12
657,10,37,-0.7542900741924546,-0.0924573825506341,13
658,10,38,-0.64311987421495,-0.08341177148477048,13
659,10,39,-1.3855104921988022,-0.18108056548574641,13
660,10,40,-0.5979951754510757,-0.07699236885876523,13
661,10,41,-3.424553646244479,-0.47484577421175056,12
662,10,42,-8.13376978216556,-2.050525199415672,11
663,10,43,-5.92987549304432,-1.5799930455255455,9
664,10,44,-2.15680077643182,-0.7836771385103493,5
665,10,45,-3.620664901388578,-1.2064202682589038,6
666,10,46,-1.9118988834296742,-0.5236888867810015,7
667,10,47,-1.9118988834296742,-0.5236888867810015,7
668,10,48,-1.8857461240820323,-0.5170350863752947,7
669,10,49,-3.1483286503470196,-0.8336035823227494,8
670,10,50,-1.2398998581108471,-0.31678409335912394,9
671,10,51,-3.6840650930328045,-1.2451284191732164,9
672,10,52,-3.6840650930328045,-1.2451284191732164,9
673,10,53,-3.6840650930328045,-1.2451284191732164,9
674,10,54,-3.760341002058756,-1.2889698671756522,9
675,10,55,13.372647864343119,0.8628006341319089,10
676,10,56,12.237319459575827,0.8434056874606113,10
677,10,57,12.237319459575827,0.8434056874606113,10
678,10,58,15.298787867070414,1.0371483186404609,12
679,10,59,13.703262391221326,0.967981831411229,12
680,10,60,13.520648612869834,0.8701750106313058,12
681,10,61,15.57906349754182,0.9377441420098354,13
682,10,62,15.57906349754182,0.9377441420098354,13
683,10,63,15.82789974133443,0.9467496574691323,13
684,10,64,11.833773986283521,0.7434421747382278,13
685,10,65,12.190330764922114,0.7486203934933634,13
686,10,66,12.190330764922114,0.7486203934933634,13
687,10,67,12.097667651151095,0.7449998447046846,13
688,10,68,14.1781196145524,0.8798952265305169,14
689,10,69,15.235786441272076,0.9224003683991747,13
690,10,70,13.998409956742593,0.8063134810153108,14
691,10,71,-0.7731308725115983,-0.12005040500396871,14
692,10,72,-1.003034065188999,-0.156898959344103,14
693,10,73,-1.003034065188999,-0.156898959344103,14
694,10,74,-0.5463388236056971,-0.09414926194857422,14
695,10,75,1.6181894992943022,0.27998544270390496,13
696,10,76,2.270790139611882,0.42128295857816317,13
697,10,77,-2.3071628942041893,-0.4117325933327457,14
698,10,78,-2.37918097238284,-0.42544526173676256,14
699,10,79,-1.9904125581688796,-0.34246582469915815,13
700,11,10,5.386997532005309,1.1691842301152258,21
701,11,11,0.0,0.0,0
702,11,12,0.2972607828257594,0.03348587722967827,15
703,11,13,-0.03263622424148814,-0.003467984706213952,14
704,11,14,-0.9496752342332486,-0.1028457285593896,15
705,11,15,0.19894372865646753,0.023469298392019215,14
706,11,16,0.1556204475639217,0.018843402324811284,13
707,11,17,12.367196708992935,0.8619430347686392,12
708,11,18,15.6229237307143,0.978942179670311,13
709,11,19,15.365420401354028,0.9850668621426117,14
710,11,20,15.39346810909964,0.9849153602871314,14
711,11,21,15.133652602254655,0.9355772388000171,14
712,11,22,15.681541875801416,0.951912041765308,12
713,11,23,13.903405527497586,0.8212008880416786,14
714,11,24,-0.9770344145152001,-0.11384687474752621,14
715,11,25,0.22547409291697393,0.02535883831586076,16
716,11,26,1.3120351015381164,0.1535668485577337,15
717,11,27,-1.7557825032334784,-0.2540206880167364,13
718,11,28,-1.3848824493723675,-0.20323509132640727,13
719,11,29,-1.5352343341964751,-0.22367791985654456,13
720,11,30,-1.294892966773219,-0.1698808603406003,14
721,11,31,-0.39635865140456905,-0.05060325338428412,13
722,11,32,-0.7790014074626626,-0.10720653279449774,14
723,11,33,-0.9691734936944233,-0.1326641716211034,15
724,11,34,-3.581584256963561,-0.5323220883497431,12
725,11,35,-0.5655615359550117,-0.06837217631502054,14
726,11,36,-0.5241203705803216,-0.06336041144923558,13
727,11,37,-0.42778636927212355,-0.051887037048419175,13
728,11,38,-1.1874904686673882,-0.15507050853460158,13
729,11,39,-6.51466515288805,-1.7866163859226878,9
730,11,40,-6.363351945157203,-1.7528818184316224,9
731,11,41,-5.084568988277594,-1.478747095934064,8
732,11,42,-1.41123363381651,-0.39385633238774853,7
733,11,43,-1.6821267743792039,-0.45280493990016146,7
734,11,44,-1.6821267743792039,-0.45280493990016146,7
735,11,45,-1.2909014749167123,-0.37978962348442036,7
736,11,46,-0.0037735254653643068,-0.0011914300808397017,6
737,11,47,0.30358534392395536,0.07588337780022386,8
738,11,48,-3.27885985792441,-1.1110704635779305,9
739,11,49,-3.27885985792441,-1.1110704635779305,9
740,11,50,-3.35548157804559,-1.1534981775540025,9
741,11,51,-3.35548157804559,-1.1534981775540025,9
742,11,52,-3.0734994147612125,-1.0659544337885423,9
743,11,53,0.9542856003786451,0.18464961096305657,10
744,11,54,0.9542856003786451,0.18464961096305657,10
745,11,55,12.439412663346566,0.7534656664409322,12
746,11,56,11.433977106364535,0.7199189435290789,11
747,11,57,10.798608471265656,0.6309859651175198,11
748,11,58,13.838049368936584,0.7978911642084152,12
749,11,59,14.432903318515407,0.8190608905792324,12
750,11,60,14.432903318515407,0.8190608905792324,12
751,11,61,14.787758361015598,0.8297039726891619,12
752,11,62,15.221341963240148,0.8333552874286524,12
753,11,63,16.094446595786476,0.862476066541452,11
754,11,64,16.094446595786476,0.862476066541452,11
755,11,65,13.40440956597366,0.7782219157765653,11
756,11,66,13.12767229705253,0.7663357628217894,12
757,11,67,13.872366564259877,0.7837904452503776,11
758,11,68,-2.989751669964592,-0.5717001799789798,10
759,11,69,-3.8013422857126984,-0.7064712256824821,11
760,11,70,-2.7192946056373146,-0.5275851017444148,10
761,11,71,-0.6769879235687537,-0.11100896550970259,11
762,11,72,-1.7225266442372829,-0.2924190568231912,10
763,11,73,-1.0006909465762808,-0.17120729003428312,9
764,11,74,-1.320768065384036,-0.2358243524005582,10
765,11,75,-6.081927776036034,-1.8114774981465727,10
766,11,76,-5.6282597201356035,-1.6126746876850355,11
767,11,77,-3.977634941622634,-1.1006497459554503,10
768,11,78,-3.782197861535779,-1.0503856162331073,10
769,11,79,-3.6086907495397917,-0.9856109717527975,9
770,12,10,1.567184427906982,0.5357038786132844,20
771,12,11,3.33013150933484,0.8358086095998877,24
772,12,12,0.0,0.0,0
773,12,13,-0.7598316547436131,-0.08286619114747733,15
774,12,14,0.9371822906934448,0.10698972659242971,14
775,12,15,3.3101901670789227,0.36425716228918736,14
776,12,16,12.416627841605402,0.863058410036656,12
777,12,17,15.6229237307143,0.978942179670311,13
778,12,18,15.411702315622017,0.9868775017959477,14
779,12,19,14.610519730068603,0.9342035018681929,14
780,12,20,15.177627223140005,0.9399785854384017,14
781,12,21,13.14534763934514,0.7874965988874049,15
782,12,22,-0.15675406013714988,-0.01889416562323029,13
783,12,23,0.9976631980168864,0.11652690218505574,16
784,12,24,1.541667800222676,0.1834256669700116,15
785,12,25,-1.8439822997967332,-0.2589956450999148,13
786,12,26,-1.5087499511333191,-0.2196507172628091,12
787,12,27,1.0759311916267962,0.15041916702218588,12
788,12,28,-0.28060752382155735,-0.03540818071281489,13
789,12,29,-0.39635865140456905,-0.05060325338428412,13
790,12,30,-1.2358412099074199,-0.16200264934109052,13
791,12,31,-1.527575427175352,-0.20500809859984767,15
792,12,32,-2.634176466347125,-0.40856646685499115,12
793,12,33,-1.0509233907113955,-0.13318426764814803,14
794,12,34,0.15368084617257333,0.017633226055934963,14
795,12,35,1.293421115508636,0.16431166703750233,12
796,12,36,-1.7824199996180647,-0.24358599668339734,10
797,12,37,-6.8615550178876425,-1.861958990861192,9
798,12,38,-6.7347093150327355,-1.8430908351908735,9
799,12,39,-3.4320736443013153,-1.1058073654359915,7
800,12,40,-0.22901343675981115,-0.07066972542233126,6
801,12,41,0.11375814559004924,0.03636418957882072,6
802,12,42,-1.1747611019879918,-0.34859210781276306,7
803,12,43,0.02370709046825974,0.007513232779473484,6
804,12,44,1.8270616057073326,0.5350915954676789,7
805,12,45,-1.6969103093244238,-0.5000270642083624,7
806,12,46,-3.621079203144645,-1.1979537609307518,9
807,12,47,-1.6013998789300856,-0.6316224957384601,8
808,12,48,-1.6013998789300856,-0.6316224957384601,8
809,12,49,2.6459561099737217,0.5853958913619906,9
810,12,50,-0.3311393628688119,-0.06566462102469928,9
811,12,51,-0.6415853847391048,-0.1263822853907037,9
812,12,52,-3.0825043698857053,-0.5964145933512158,10
813,12,53,-3.690096110342514,-0.6939377554222212,11
814,12,54,12.321928549133158,0.689916053429918,10
815,12,55,14.292829847931573,0.7505953689239888,11
816,12,56,14.292829847931573,0.7505953689239888,11
817,12,57,14.292829847931573,0.7505953689239888,11
818,12,58,14.571090263088383,0.7592073539059819,11
819,12,59,16.06197561751091,0.8737721868984696,11
820,12,60,16.81833392693021,0.8836440596924598,11
821,12,61,16.81833392693021,0.8836440596924598,11
822,12,62,16.966734985913952,0.8874662256355939,11
823,12,63,17.062918126999833,0.8900219067730822,11
824,12,64,16.744752913162326,0.8781100254140997,12
825,12,65,-2.5911073264980646,-0.48715279808793366,10
826,12,66,-1.5225543699711388,-0.3011526591908994,9
827,12,67,-1.429051581222034,-0.28551107942038156,9
828,12,68,-4.187079565105186,-0.8370070781401804,9
829,12,69,-7.511393779495737,-5.9044382170529435,8
830,12,70,-6.454310678531742,-4.960093153130746,7
831,12,71,-4.734259388707565,-1.323734370003401,8
832,12,72,-6.015667529019007,-1.6041048302571863,9
833,12,73,-5.534229852977053,-1.4614042576890784,9
834,12,74,-5.136084447293503,-1.5020455356834042,10
835,12,75,-5.356655326208802,-1.5792603688397973,11
836,12,76,-4.128142316210558,-1.2526894676358047,10
837,12,77,-3.7499172950787343,-1.1579184697261087,8
838,12,78,-3.5840501743005646,-1.1099605779594863,6
839,12,79,-3.3216713390554107,-1.045322837649669,5
840,13,10,3.5455410618270933,0.865839623219704,24
841,13,11,0.6625072547195915,0.09886842283628978,23
842,13,12,-3.7737450839197257,-0.5384867645416994,21
843,13,13,0.0,0.0,0
844,13,14,3.3101901670789227,0.36425716228918736,14
845,13,15,12.416627841605402,0.863058410036656,12
846,13,16,15.173479159286327,0.9650153843309681,13
847,13,17,15.114248102460515,0.9532346325474532,14
848,13,18,15.151842969409756,0.9374403200290218,14
849,13,19,14.393596243846515,0.9084955827111245,15
850,13,20,13.284816016335894,0.7936791956989554,15
851,13,21,-4.351215413418493,-0.4839542122001589,17
852,13,22,0.11441335712072641,0.014235961959682956,16
853,13,23,-0.3022165428903133,-0.03741788891025739,16
854,13,24,0.32936609023492563,0.044466188929637204,12
855,13,25,1.0759311916267962,0.15041916702218588,12
856,13,26,-0.28060752382155735,-0.03540818071281489,13
857,13,27,-0.28306654094154116,-0.03578893645838866,12
858,13,28,-0.8865444782389681,-0.11494668957829407,13
859,13,29,-0.9975350281714973,-0.13305287522042308,14
860,13,30,-3.9960066801767593,-0.5307557167304554,14
861,13,31,-0.6127396051722458,-0.0738062877543661,13
862,13,32,1.853907104939978,0.2278008226203485,12
863,13,33,2.374053610607325,0.290698665458135,11
864,13,34,-6.184864891576501,-1.6698040343431222,8
865,13,35,-6.764591475809388,-1.7875242908358104,8
866,13,36,-5.168945768259741,-1.4567892207279765,7
867,13,37,-1.085877549271877,-0.3121298637813698,7
868,13,38,0.32427258344543675,0.10169069824572143,5
869,13,39,-0.9668512044956324,-0.28238525112609775,6
870,13,40,-0.6538851030862023,-0.1957211402332307,6
871,13,41,0.6455452171950172,0.15567472499327825,7
872,13,42,2.3636797858285132,0.7090062028487348,6
873,13,43,-1.1063266497429407,-0.32599712026244254,6
874,13,44,-0.6724530450835576,-0.24364393717268396,7
875,13,45,-1.0829477717046065,-0.4241622883172595,7
876,13,46,3.355055248175938,0.7352767573976517,8
877,13,47,1.3704003800766469,0.3009285384645672,8
878,13,48,-1.8801709484732154,-0.33917540197413876,10
879,13,49,1.2659496647647834,0.2578047196692108,8
880,13,50,-3.082748958133006,-0.5584551380435172,10
881,13,51,-1.9484539749559653,-0.381698277633221,10
882,13,52,-2.6539375196263237,-0.4916424612268266,9
883,13,53,-2.427922456703504,-0.3666047576191987,11
884,13,54,13.763011126925859,0.6939608823946246,12
885,13,55,14.1808597579406,0.706155697222537,12
886,13,56,14.1808597579406,0.706155697222537,12
887,13,57,14.611478699570146,0.7099975503069492,12
888,13,58,14.924920482437573,0.7176143674991187,12
889,13,59,15.112930561185545,0.7223953424381572,12
890,13,60,16.28428716947652,0.8181108345397864,12
891,13,61,15.96822579596225,0.8073722735845105,13
892,13,62,0.742200882879331,0.1242966135768083,10
893,13,63,0.742200882879331,0.1242966135768083,10
894,13,64,-5.531164684313517,-1.4030885963297373,8
895,13,65,-8.728095231297331,-4.309141475468273,8
896,13,66,-7.932289635828312,-6.406126831963797,8
897,13,67,-8.631969440481395,-6.266461537483224,9
898,13,68,-7.968154307694575,-5.951471612226194,8
899,13,69,-6.688247149515653,-5.348937701764218,7
900,13,70,-6.847348739099799,-1.7482257123212912,10
901,13,71,-6.324036084659128,-1.5744729106879998,10
902,13,72,-4.746580913676922,-1.1988136260618734,9
903,13,73,-3.928442448237177,-1.0374888029749996,9
904,13,74,-4.317087023995071,-1.254756370031931,9
905,13,75,-6.040278077616137,-1.5878176800274948,9
906,13,76,-6.410169036163558,-1.745114091477974,8
907,13,77,-6.1062754059955315,-1.64973681231483,7
908,13,78,-6.1062754059955315,-1.64973681231483,7
909,13,79,-9.087249567586538,-1.8138176065127714,8
910,14,10,-1.5678727638387568,-0.22970064119422848,23
911,14,11,-0.039113523469274394,-0.005661954248197172,22
912,14,12,-3.039224258761817,-0.21121104161588247,19
913,14,13,-1.9628857583189607,-0.042404626125471044,19
914,14,14,0.0,0.0,0
915,14,15,15.173479159286327,0.9650153843309681,13
916,14,16,15.114248102460515,0.9532346325474532,14
917,14,17,15.415493990439227,0.9486671677255148,14
918,14,18,14.393596243846515,0.9084955827111245,15
919,14,19,-0.7259509612866277,-0.08387774524631629,14
920,14,20,-0.30684888860467474,-0.03608401897489766,18
921,14,21,-0.1353952711325157,-0.01625156910725779,17
922,14,22,-0.6339800339266879,-0.08737221303707807,13
923,14,23,-1.3185427344104774,-0.18448979146622552,13
924,14,24,-2.138362656057827,-0.2870806992268641,14
925,14,25,0.3546216386978718,0.04366931840344915,13
926,14,26,0.4160516602322268,0.051340143711192096,11
927,14,27,0.6701649545377626,0.0825145577059922,11
928,14,28,-0.8467914340741955,-0.11010961648538392,13
929,14,29,-1.847088133630706,-0.21090341638462587,13
930,14,30,0.7039373144897493,0.08431041928580062,12
931,14,31,1.5632976875510234,0.19481950946373477,11
932,14,32,-6.123170489463418,-1.6185025235001893,9
933,14,33,-7.02092042239734,-1.8298500822956634,8
934,14,34,-5.142841675757487,-1.45225179062095,7
935,14,35,-1.6362076896671625,-0.4468163147944495,7
936,14,36,-4.083936572006129,-1.0102138368260984,9
937,14,37,-0.9668512044956324,-0.28238525112609775,6
938,14,38,0.6411338972630589,0.20863008428693702,5
939,14,39,0.6455452171950172,0.15567472499327825,7
940,14,40,2.663206748822912,0.8221375111941825,6
941,14,41,-1.1063266497429407,-0.32599712026244254,6
942,14,42,3.615013901255568,0.7835005348334584,8
943,14,43,2.525700139148939,0.49505474688508483,9
944,14,44,0.8527227951400658,0.16716042944350337,8
945,14,45,2.424700754793433,0.5533471860088265,7
946,14,46,2.544414508320854,0.5775450114874737,7
947,14,47,2.652329437109061,0.59111195503202,7
948,14,48,-1.0720801572947576,-0.20982482647906442,8
949,14,49,-3.764109203702104,-0.6447189451709386,9
950,14,50,-0.060413784769191584,-0.009792573359827153,8
951,14,51,-0.0198725300945938,-0.003218357265586122,8
952,14,52,0.3065770359175893,0.04922522718852001,8
953,14,53,16.951079583268662,0.9220864000524402,9
954,14,54,16.951079583268662,0.9220864000524402,9
955,14,55,17.044644524850096,0.9130116075359881,9
956,14,56,15.650681017604198,0.761168588661551,10
957,14,57,15.850970283403159,0.766174446039654,10
958,14,58,15.439210639657658,0.7531123189737771,11
959,14,59,12.021939040455301,0.7412212455765551,9
960,14,60,-6.205270290690946,-1.5247179135083606,7
961,14,61,-5.294152812122809,-1.3384277390803434,7
962,14,62,-5.294152812122809,-1.3384277390803434,7
963,14,63,-4.423035630414472,-1.3053576811077614,7
964,14,64,-4.423035630414472,-1.3053576811077614,7
965,14,65,-7.183293047787178,-5.399757028988786,7
966,14,66,-7.614578741861918,-5.363366544861342,8
967,14,67,-8.62023945004952,-5.672239608428859,9
968,14,68,-7.447068787750479,-3.9092391192475344,10
969,14,69,-6.977571831164606,-3.8746263751198926,8
970,14,70,-6.82552519366021,-1.5350438577081593,10
971,14,71,-6.8350583304859684,-1.5158596351018783,10
972,14,72,-7.835527977605045,-1.760782037580966,11
973,14,73,-8.354411304415342,-2.048872265249054,11
974,14,74,-7.242528781970847,-1.878108455409647,9
975,14,75,-6.364891579827415,-1.6724390038440806,8
976,14,76,-6.0959511908920545,-1.6436807560362965,7
977,14,77,-8.782268722535576,-1.7796049734540138,7
978,14,78,-8.546126643496288,-1.8091545157561888,7
979,14,79,-3.607105956833187,-1.0814400434312499,5
980,15,10,-2.7972785951215764,-0.40500307985359596,23
981,15,11,-3.73479905582236,-0.31417013385371617,18
982,15,12,-1.9628857583189607,-0.042404626125471044,19
983,15,13,-2.8575691358050292,-0.15882306297257306,19
984,15,14,0.7969154169438805,0.10220179589613362,19
985,15,15,0.0,0.0,0
986,15,16,15.415493990439227,0.9486671677255148,14
987,15,17,14.393596243846515,0.9084955827111245,15
988,15,18,-3.977110350351081,-0.4486034193006714,16
989,15,19,-1.06246939508313,-0.12623702949558058,18
990,15,20,1.9767050911716562,0.2249916192206645,16
991,15,21,-1.1894308124298898,-0.157938894036074,14
992,15,22,-0.5899010099359348,-0.08552850689935586,14
993,15,23,-0.7502984497077703,-0.09580176535639652,13
994,15,24,-0.8318123881684409,-0.1041607775194697,13
995,15,25,0.6701649545377626,0.0825145577059922,11
996,15,26,-0.11413801827567592,-0.014442036052708291,12
997,15,27,-3.7635111700325394,-0.48874988488555793,12
998,15,28,0.7240681139841859,0.09429899571542859,11
999,15,29,0.9436022386030061,0.11162584625706713,11
1000,15,30,-7.270490400589807,-1.5867289268276203,9
1001,15,31,-6.810585003206299,-1.754377440576481,8
1002,15,32,-5.142841675757487,-1.45225179062095,7
1003,15,33,-5.142841675757487,-1.45225179062095,7
1004,15,34,-2.902128872784541,-0.7638993287385077,8
1005,15,35,-2.365353689384989,-0.6503323796434181,7
1006,15,36,0.32427258344543675,0.10169069824572143,5
1007,15,37,2.7561741253013685,0.8578744363561386,6
1008,15,38,2.663206748822912,0.8221375111941825,6
1009,15,39,-0.708632037004944,-0.2364467166009694,6
1010,15,40,2.7333182881458544,0.536141266499606,9
1011,15,41,3.889994295803375,0.7904104315812697,8
1012,15,42,2.852453232484861,0.6460366842737103,7
1013,15,43,2.921323151275283,0.6838790991488094,6
1014,15,44,2.9632724416967666,0.6939446209657727,6
1015,15,45,3.0715743809219385,0.7063189562973589,6
1016,15,46,-1.6340297261419408,-0.32291537813310506,8
1017,15,47,-0.8204153017525558,-0.15961856738007987,7
1018,15,48,-0.31584066103259734,-0.05103311046275888,8
1019,15,49,-1.757486473143586,-0.25747559525315644,9
1020,15,50,-1.757486473143586,-0.25747559525315644,9
1021,15,51,16.604898708396256,0.9114400867778183,9
1022,15,52,16.604898708396256,0.9114400867778183,9
1023,15,53,17.087212600062827,0.9142319464618479,9
1024,15,54,17.087212600062827,0.9142319464618479,9
1025,15,55,12.467676013115309,0.7659002084502352,8
1026,15,56,14.113934271878275,0.9499477120063718,7
1027,15,57,11.886243071624364,0.8562010730699559,6
1028,15,58,-5.883378555994046,-1.4728493636598632,6
1029,15,59,-5.883378555994046,-1.4728493636598632,6
1030,15,60,-5.893696866496661,-1.4803120047738771,6
1031,15,61,-5.017567070694033,-1.4440601444601855,6
1032,15,62,-4.094984574939368,-1.2221300628089196,6
1033,15,63,-4.293718753560272,-1.264104275487671,6
1034,15,64,-6.367121877587362,-3.9373557856147547,7
1035,15,65,-7.178679831469495,-4.07388308479961,8
1036,15,66,-9.260391203870581,-4.902342715607408,8
1037,15,67,-8.897191443237288,-4.947800269495091,7
1038,15,68,-9.426848354616098,-4.831826833276068,8
1039,15,69,-6.846562886278799,-1.5651020460316714,8
1040,15,70,-6.430564548536976,-1.5097738494499282,9
1041,15,71,-5.989805503267388,-1.377544817183861,8
1042,15,72,-6.17898798257209,-1.4685847774020582,7
1043,15,73,-7.09307451164431,-1.8392761378558142,9
1044,15,74,-5.889812143287979,-1.6532263518869548,8
1045,15,75,-8.761886361486768,-1.8239944145100853,8
1046,15,76,-5.463895795163773,-1.5456368244963383,6
1047,15,77,-5.463895795163773,-1.5456368244963383,6
1048,15,78,-3.8382367459192492,-1.1593132386064238,5
1049,15,79,-3.5880231513221164,-0.9955585113119557,5
1050,16,10,-3.11300531844845,-0.2193940193308666,18
1051,16,11,0.5371135338659153,0.3325644446321252,18
1052,16,12,-2.8575691358050292,-0.15882306297257306,19
1053,16,13,0.4393734977035192,0.05644576017873369,19
1054,16,14,0.6668440118777822,0.08880652683459125,17
1055,16,15,-0.9703951751549222,-0.13180278978574564,17
1056,16,16,0.0,0.0,0
1057,16,17,-3.977110350351081,-0.4486034193006714,16
1058,16,18,-1.06246939508313,-0.12623702949558058,18
1059,16,19,1.9767050911716562,0.2249916192206645,16
1060,16,20,-1.449784771209931,-0.1939041877178568,14
1061,16,21,-2.71388046426531,-0.3472522795371477,16
1062,16,22,-1.0254347791168597,-0.12957712039682967,13
1063,16,23,-1.2750222539225218,-0.16300403159902369,12
1064,16,24,-0.8320335125035592,-0.10727235141819395,12
1065,16,25,-0.11413801827567592,-0.014442036052708291,12
1066,16,26,-0.2908221309260347,-0.035391126360154006,12
1067,16,27,0.7039373144897493,0.08470430554225354,11
1068,16,28,-0.25388999539781365,-0.031236451691269394,11
1069,16,29,-6.225799357795339,-1.367551065698386,8
1070,16,30,-5.142841675757487,-1.45225179062095,7
1071,16,31,-5.142841675757487,-1.45225179062095,7
1072,16,32,-3.485495693331359,-0.7422130724452347,9
1073,16,33,-2.902128872784541,-0.7638993287385077,8
1074,16,34,0.32427258344543675,0.10169069824572143,5
1075,16,35,2.8006442212089673,0.8751878874247989,6
1076,16,36,1.4232927490673446,0.3969866168977102,7
1077,16,37,3.831799587581577,0.7764676963716949,7
1078,16,38,3.5683877854613404,0.7224811712111716,8
1079,16,39,5.380615108890971,1.2444277943780384,7
1080,16,40,3.0197202891427852,0.7143720141676981,6
1081,16,41,2.9658798660531565,0.6947248606489866,6
1082,16,42,2.3783178732166057,0.5553317989417869,6
1083,16,43,1.0075821655062605,0.20362233148006517,7
1084,16,44,-1.8828680942020324,-0.3714650114162789,8
1085,16,45,-1.0713949651558106,-0.20813063645797222,7
1086,16,46,0.053002225416923135,0.008490270469747485,8
1087,16,47,0.053002225416923135,0.008490270469747485,8
1088,16,48,0.053002225416923135,0.008490270469747485,8
1089,16,49,0.053002225416923135,0.008490270469747485,8
1090,16,50,16.69774145679906,0.9142538750731779,9
1091,16,51,17.122386544755628,0.9152685312504215,9
1092,16,52,12.157702848551928,0.7544502126024291,8
1093,16,53,14.163294282982154,0.952105754023837,7
1094,16,54,11.934361141238535,0.858674184874061,6
1095,16,55,11.886243071624364,0.8562010730699559,6
1096,16,56,-4.453805110187004,-1.1692217054569132,5
1097,16,57,-4.453805110187004,-1.1692217054569132,5
1098,16,58,-5.278654969741027,-1.4925221567161535,6
1099,16,59,-5.017567070694033,-1.4440601444601855,6
1100,16,60,-4.99496048830112,-1.442091719667839,6
1101,16,61,-3.97981946275152,-1.1581441401959336,6
1102,16,62,-6.941811098905952,-1.716850097561191,8
1103,16,63,-6.683335415851427,-1.5112757365572118,8
1104,16,64,-8.73234628908148,-4.368822893962543,8
1105,16,65,-9.39387030855071,-5.325261644350605,8
1106,16,66,-9.1473268595559,-6.526649110626377,7
1107,16,67,-9.034614946059353,-6.329837555042237,7
1108,16,68,-8.183983704625577,-4.331661485605876,8
1109,16,69,-5.790184259654773,-1.3647686411177957,8
1110,16,70,-3.6062649354252727,-0.9581266726539741,7
1111,16,71,-3.7849575630181045,-1.034146233876347,6
1112,16,72,-3.7849575630181045,-1.034146233876347,6
1113,16,73,-7.159896213885768,-1.6147602915237496,8
1114,16,74,-4.363127957200036,-1.3336942639739506,7
1115,16,75,-3.465655645307227,-1.0934606802445161,5
1116,16,76,-3.8167211840450315,-1.1835588611128354,6
1117,16,77,-4.941086514431727,-1.4723287339868567,6
1118,16,78,-4.693599797724364,-1.2797978652896902,6
1119,16,79,-5.677580314883676,-1.50054845128981,7
1120,17,10,-1.0029494605455647,0.09560295483549222,18
1121,17,11,-2.3434601993202846,-0.09508014543103528,18
1122,17,12,-1.9757831303202993,-0.04343661996216034,19
1123,17,13,-1.668742764265876,-0.20773227494826857,18
1124,17,14,-0.9703951751549222,-0.13180278978574564,17
1125,17,15,-1.597424397248565,-0.21654861081508067,19
1126,17,16,2.4028158480350346,0.38072208402453445,17
1127,17,17,0.0,0.0,0
1128,17,18,1.9767050911716562,0.2249916192206645,16
1129,17,19,-1.449784771209931,-0.1939041877178568,14
1130,17,20,-1.937280814261683,-0.2401803423282506,15
1131,17,21,-0.8648990279304343,-0.10873683686042808,13
1132,17,22,-1.5277526435946032,-0.19793055221223174,12
1133,17,23,-0.8712616185969946,-0.11269811151417163,13
1134,17,24,-1.8922929446014707,-0.24819999036241364,13
1135,17,25,0.5080892406410813,0.05988147525238306,12
1136,17,26,0.7039373144897493,0.08470430554225354,11
1137,17,27,-7.622864281127678,-1.5987836259456418,9
1138,17,28,-5.976014761612715,-1.482387223154817,7
1139,17,29,-5.142841675757487,-1.45225179062095,7
1140,17,30,-6.363521667039766,-1.7385485940130128,8
1141,17,31,-1.7067250452719422,-0.4007488999050276,8
1142,17,32,-2.7977586861770365,-0.7129953593145585,7
1143,17,33,2.47500647714465,0.7500430094446809,6
1144,17,34,1.5955322053145908,0.4432002474455155,7
1145,17,35,3.831799587581577,0.7764676963716949,7
1146,17,36,5.8905554172263095,1.4557037540447069,6
1147,17,37,5.380615108890971,1.2444277943780384,7
1148,17,38,3.0197202891427852,0.7143720141676981,6
1149,17,39,2.9658798660531565,0.6947248606489866,6
1150,17,40,2.077711610918199,0.4800426404344334,6
1151,17,41,0.7083830410309367,0.14266392014733428,7
1152,17,42,0.7284527147337619,0.14686315018225893,7
1153,17,43,-1.031188331690264,-0.1999616007397333,7
1154,17,44,0.053002225416923135,0.008490270469747485,8
1155,17,45,0.053002225416923135,0.008490270469747485,8
1156,17,46,0.053002225416923135,0.008490270469747485,8
1157,17,47,0.053002225416923135,0.008490270469747485,8
1158,17,48,-5.846638161036063,-1.1895878843348522,8
1159,17,49,12.157702848551928,0.7544502126024291,8
1160,17,50,12.157702848551928,0.7544502126024291,8
1161,17,51,11.693948279700068,0.8454906440348254,6
1162,17,52,12.193894569892208,0.8720903217786238,6
1163,17,53,-4.191078128217001,-1.1174232329449978,5
1164,17,54,-4.191078128217001,-1.1174232329449978,5
1165,17,55,-4.191078128217001,-1.1174232329449978,5
1166,17,56,-3.3098517710467554,-1.0311302906294504,5
1167,17,57,-4.206101581585001,-1.2726982617341187,6
1168,17,58,-2.521382678568443,-0.7908166313978182,5
1169,17,59,-6.412992770087228,-1.6077653659346918,7
1170,17,60,-7.098506207509818,-1.760142054772292,7
1171,17,61,-7.58110606508951,-1.6669811508901855,8
1172,17,62,-8.357374386454802,-1.6836500544185287,9
1173,17,63,-10.021339225937812,-8.910317577769725,7
1174,17,64,-9.1473268595559,-6.526649110626377,7
1175,17,65,-9.034614946059353,-6.329837555042237,7
1176,17,66,-7.362191303319053,-6.073152883115366,7
1177,17,67,-6.038011924775558,-3.645484654878449,7
1178,17,68,-3.7906271730999817,-1.0029663201760963,7
1179,17,69,-3.752736152181725,-1.0097911067155798,6
1180,17,70,-3.800157645077953,-1.0381473448119556,6
1181,17,71,-3.759453941994003,-1.0287655862781637,6
1182,17,72,-4.065050836176672,-1.2722411741592479,7
1183,17,73,-4.053592316494043,-1.2675483334587585,7
1184,17,74,-4.0984881657168275,-1.2858773383694198,7
1185,17,75,-3.465655645307227,-1.0934606802445161,5
1186,17,76,-3.465655645307227,-1.0934606802445161,5
1187,17,77,-4.213676397744355,-1.177595754135008,6
1188,17,78,-4.529375206388981,-1.2430329583232733,6
1189,17,79,-8.482090248600173,-7.2618143327027065,6
1190,18,10,-0.943401589341922,0.1091203473397501,16
1191,18,11,-2.7768927140576287,-0.14821624064041886,19
1192,18,12,0.3809537284158118,0.04846894566563051,20
1193,18,13,-1.5209852437445543,-0.2089798418778717,17
1194,18,14,-4.471288377325675,-0.5651795744281288,20
1195,18,15,2.4028158480350346,0.38072208402453445,17
1196,18,16,1.4144077981720384,0.37238517691019735,17
1197,18,17,-2.1565013663277344,-0.15043475741473689,17
1198,18,18,0.0,0.0,0
1199,18,19,-1.513867190884514,-0.1857582632330749,15
1200,18,20,-1.4080204820457096,-0.17107816638193402,14
1201,18,21,-1.2633595229761734,-0.1655845981292586,12
1202,18,22,-0.8712616185969946,-0.11269811151417163,13
1203,18,23,-0.23290223868984947,-0.03177005221164913,12
1204,18,24,-0.8019854664195858,-0.09966815903246154,12
1205,18,25,-0.49072643720037357,-0.06151901533750647,11
1206,18,26,-6.225799357795339,-1.367551065698386,8
1207,18,27,-4.1031641830269745,-1.1037079470443294,6
1208,18,28,-5.142841675757487,-1.45225179062095,7
1209,18,29,-1.8295236152221093,-0.43538168389816906,8
1210,18,30,-1.7067250452719422,-0.4007488999050276,8
1211,18,31,1.0279483998890562,0.28232938771487437,7
1212,18,32,1.5955322053145908,0.4432002474455155,7
1213,18,33,5.80111196174931,1.0917015030042407,8
1214,18,34,6.2771692692682475,1.688783881681586,5
1215,18,35,6.191243266029995,1.5629909588290123,6
1216,18,36,3.0197202891427852,0.7143720141676981,6
1217,18,37,2.2241338661160057,0.515920812854244,7
1218,18,38,2.2241338661160057,0.515920812854244,7
1219,18,39,2.075155889936354,0.47935206181097795,6
1220,18,40,1.4784046613588249,0.3196344620261767,7
1221,18,41,-0.2744788154811859,-0.0561523990354826,7
1222,18,42,0.8179589929097995,0.1377054689870084,8
1223,18,43,0.8179589929097995,0.1377054689870084,8
1224,18,44,0.8179589929097995,0.1377054689870084,8
1225,18,45,0.8546398309207275,0.1437405511011849,8
1226,18,46,-5.139553634371075,-1.0758416290713397,8
1227,18,47,13.277097970957719,0.8563536135766179,8
1228,18,48,14.063128656333593,0.949545523570279,7
1229,18,49,11.952562697456043,0.8590507228913665,6
1230,18,50,12.193894569892208,0.8720903217786238,6
1231,18,51,-4.191078128217001,-1.1174232329449978,5
1232,18,52,-4.053653931459006,-1.0571770616691503,6
1233,18,53,-4.053653931459006,-1.0571770616691503,6
1234,18,54,-4.206101581585001,-1.2726982617341187,6
1235,18,55,-4.509759251441478,-1.3220875311897096,6
1236,18,56,-2.521382678568443,-0.7908166313978182,5
1237,18,57,-5.745639781264039,-1.5370025810765844,7
1238,18,58,-5.645292294707086,-1.5393357661123315,6
1239,18,59,-7.157153293478213,-1.626236007614872,8
1240,18,60,-6.629068191592704,-1.4070653770681654,8
1241,18,61,-8.748750173762323,-6.328517171418822,7
1242,18,62,-9.809750690729246,-9.852501980742497,7
1243,18,63,-7.604895481157993,-10.884494829303955,6
1244,18,64,-7.1002337134217415,-6.468740459049475,7
1245,18,65,-6.0149718746709535,-4.134306374885198,7
1246,18,66,-5.572484172049743,-3.845995601348395,6
1247,18,67,-3.7111480314462626,-1.0236072117354007,6
1248,18,68,-3.685660003079063,-1.0182272295876877,6
1249,18,69,-3.2620192757898354,-0.9380003716794736,6
1250,18,70,-3.2620192757898354,-0.9380003716794736,6
1251,18,71,-3.2467344745901667,-0.933805245769956,6
1252,18,72,-3.8281206318135585,-1.2389111078188555,7
1253,18,73,-3.87318203168284,-1.2575778334890306,7
1254,18,74,-3.726031816360776,-1.179281927767527,6
1255,18,75,13.866770065845554,0.8154157565987022,7
1256,18,76,12.046834967065099,0.7665676172886742,7
1257,18,77,12.046834967065099,0.7665676172886742,7
1258,18,78,9.226931790171612,0.6434198593177375,6
1259,18,79,9.226931790171612,0.6434198593177375,6
1260,19,10,-0.6326619388413502,0.15232864631492551,18
1261,19,11,1.1080688223222697,0.143534712815266,20
1262,19,12,1.3474968830675056,0.18131494098539475,18
1263,19,13,-4.471288377325675,-0.5651795744281288,20
1264,19,14,2.7695439007719114,0.4442979446182213,17
1265,19,15,4.1421301477792225,0.7873817412766175,18
1266,19,16,-2.1565013663277344,-0.15043475741473689,17
1267,19,17,-0.9597567859315503,0.006363424559741805,17
1268,19,18,-1.3007362704663663,-0.041911462272781516,15
1269,19,19,0.0,0.0,0
1270,19,20,-1.8152196960293177,-0.22905412175790152,13
1271,19,21,-0.8712616185969946,-0.11269811151417163,13
1272,19,22,-0.23290223868984947,-0.03177005221164913,12
1273,19,23,-0.6986908976252472,-0.08663636379915661,12
1274,19,24,-7.134697620687118,-1.446757799738463,11
1275,19,25,-6.225799357795339,-1.367551065698386,8
1276,19,26,-4.1031641830269745,-1.1037079470443294,6
1277,19,27,-6.3229182049197865,-1.7281511170616408,8
1278,19,28,-1.8295236152221093,-0.43538168389816906,8
1279,19,29,-0.13877529662216578,-0.03392738494948887,7
1280,19,30,-0.1563431508069142,-0.04011819859188587,8
1281,19,31,-0.27849108449360266,-0.06525098893161556,8
1282,19,32,6.2771692692682475,1.688783881681586,5
1283,19,33,6.2771692692682475,1.688783881681586,5
1284,19,34,6.3435594330158525,1.5788883252039092,7
1285,19,35,2.077711610918199,0.4800426404344334,6
1286,19,36,2.077711610918199,0.4800426404344334,6
1287,19,37,2.077711610918199,0.4800426404344334,6
1288,19,38,1.4784046613588249,0.3196344620261767,7
1289,19,39,1.539876963783559,0.3327429664448423,7
1290,19,40,1.8069651646546752,0.32374245270758784,8
1291,19,41,0.8179589929097995,0.1377054689870084,8
1292,19,42,0.8179589929097995,0.1377054689870084,8
1293,19,43,-2.850473030538805,-0.6595380865093889,7
1294,19,44,-2.863535129161372,-0.6631763286003536,7
1295,19,45,-2.863535129161372,-0.6631763286003536,7
1296,19,46,14.063128656333593,0.949545523570279,7
1297,19,47,11.887444823590057,0.8575592952492271,6
1298,19,48,11.952562697456043,0.8590507228913665,6
1299,19,49,-4.191078128217001,-1.1174232329449978,5
1300,19,50,-4.191078128217001,-1.1174232329449978,5
1301,19,51,-4.191078128217001,-1.1174232329449978,5
1302,19,52,-3.464128984454251,-1.0621197737691572,6
1303,19,53,-3.9312432320607265,-1.1563030353414894,7
1304,19,54,-4.7923793490882005,-1.3241967330054658,7
1305,19,55,-4.690322367288044,-1.3126998643959973,6
1306,19,56,-5.287839869194739,-1.4321491793911831,7
1307,19,57,-6.955298436033394,-1.6157393350049376,8
1308,19,58,-6.171282807699971,-1.3602789806308713,7
1309,19,59,-10.33814930957895,-6.966243038488481,8
1310,19,60,-8.60126174258448,-10.845374283786215,6
1311,19,61,-8.60126174258448,-10.845374283786215,6
1312,19,62,-8.54632542229608,-7.139028557615207,7
1313,19,63,-7.672796580232867,-4.679661292417229,7
1314,19,64,-7.522537162746882,-4.341075439769666,7
1315,19,65,-6.506160604514298,-6.1043073944447155,5
1316,19,66,-6.506160604514298,-6.1043073944447155,5
1317,19,67,-4.234614873023355,-1.104089578866261,6
1318,19,68,-4.281707439304442,-1.133259992286374,6
1319,19,69,-4.098266518920445,-1.0871388299596207,6
1320,19,70,-4.098266518920445,-1.0871388299596207,6
1321,19,71,13.906085703931792,0.8515239517073079,8
1322,19,72,14.14873275503854,0.8729682278382809,8
1323,19,73,12.026271249396665,0.7008377680256314,8
1324,19,74,10.78780088589723,0.689490614692922,8
1325,19,75,11.15789163438634,0.7278018727448006,7
1326,19,76,11.44700230026785,0.7395383563561064,7
1327,19,77,11.44700230026785,0.7395383563561064,7
1328,19,78,4.22550417962888,0.25171351330005054,7
1329,19,79,6.754966011357344,0.35455857266648655,8
1330,20,10,-2.1092051167427615,-0.06131513075036626,20
1331,20,11,2.8498695280640733,0.40250338836265587,20
1332,20,12,-3.2856561870492595,-0.4275818648513634,19
1333,20,13,3.2366717945437724,0.5143531746131831,18
1334,20,14,1.2797297014171995,0.3684402807907264,17
1335,20,15,-2.1565013663277344,-0.15043475741473689,17
1336,20,16,-0.9597567859315503,0.006363424559741805,17
1337,20,17,1.4485443562636595,0.3310274427840996,16
1338,20,18,0.8168818236044181,0.28688891207312106,15
1339,20,19,0.13307650877207475,0.10718741522436147,14
1340,20,20,0.0,0.0,0
1341,20,21,0.3081056172564479,0.041373175318740386,12
1342,20,22,-0.6986908976252472,-0.08663636379915661,12
1343,20,23,-8.783384437256933,-1.9265077179859726,10
1344,20,24,-7.959067821247438,-1.8002797998572768,9
1345,20,25,-4.25206963031867,-1.1568405952022796,6
1346,20,26,-6.3229182049197865,-1.7281511170616408,8
1347,20,27,-1.8295236152221093,-0.43538168389816906,8
1348,20,28,0.46341535036153536,0.10348834841678152,8
1349,20,29,-0.1563431508069142,-0.04011819859188587,8
1350,20,30,5.80111196174931,1.0917015030042407,8
1351,20,31,6.429608343299692,1.6814424039414577,6
1352,20,32,6.191243266029995,1.5629909588290123,6
1353,20,33,2.077711610918199,0.4800426404344334,6
1354,20,34,2.077711610918199,0.4800426404344334,6
1355,20,35,2.077711610918199,0.4800426404344334,6
1356,20,36,1.3717682538475127,0.3017172963541431,7
1357,20,37,1.7440890949674874,0.3828375283531466,7
1358,20,38,0.27239376718799796,0.05561615711359907,7
1359,20,39,2.0320190401084792,0.36928550081445427,8
1360,20,40,1.4126848825056875,0.24325622192562385,8
1361,20,41,-2.850473030538805,-0.6595380865093889,7
1362,20,42,-2.863535129161372,-0.6631763286003536,7
1363,20,43,-2.863535129161372,-0.6631763286003536,7
1364,20,44,14.063128656333593,0.949545523570279,7
1365,20,45,11.887444823590057,0.8575592952492271,6
1366,20,46,11.952562697456043,0.8590507228913665,6
1367,20,47,-4.191078128217001,-1.1174232329449978,5
1368,20,48,-3.9627433369451155,-1.069519544758283,5
1369,20,49,-3.9627433369451155,-1.069519544758283,5
1370,20,50,-3.779492303923936,-1.001618233240474,6
1371,20,51,-3.5833555368280203,-1.0502374120587628,7
1372,20,52,-4.7923793490882005,-1.3241967330054658,7
1373,20,53,-4.690322367288044,-1.3126998643959973,6
1374,20,54,-4.72657266519947,-1.3116287407961713,6
1375,20,55,-8.00842848453589,-1.7565361070658931,9
1376,20,56,-7.464128963346697,-1.6755361378340954,8
1377,20,57,-9.758712987715025,-5.641450515699512,8
1378,20,58,-8.591732862971885,-5.168289790844619,7
1379,20,59,-8.72265505836477,-10.226162238656666,6
1380,20,60,-8.609439042139702,-9.437725355756694,6
1381,20,61,-7.280530105487237,-6.258079265174819,6
1382,20,62,-6.015898489666221,-3.5720789480695925,6
1383,20,63,-7.366055652291556,-13.033392754294292,5
1384,20,64,-7.130630265487653,-10.07248511518847,5
1385,20,65,-6.228512060113959,-5.582749511038907,5
1386,20,66,-4.234614873023355,-1.104089578866261,6
1387,20,67,-4.234614873023355,-1.104089578866261,6
1388,20,68,13.833509686838235,0.8484808019098091,7
1389,20,69,14.549764324328946,0.8788767139327447,7
1390,20,70,9.94816252178162,0.6190479953729068,8
1391,20,71,10.454833415164385,0.6351628944076879,9
1392,20,72,9.645268146488414,0.6196583091204524,8
1393,20,73,9.645268146488414,0.6196583091204524,8
1394,20,74,6.280395407489244,0.33793862193752633,8
1395,20,75,9.583828929934164,0.4597606699054837,9
1396,20,76,8.772403253024452,0.4415857471031343,9
1397,20,77,6.976288471179486,0.3635185143638369,8
1398,20,78,-8.691458215870181,-1.825931625451268,7
1399,20,79,-8.691458215870181,-1.825931625451268,7
1400,21,10,0.5868864961971431,0.0745095633621997,21
1401,21,11,0.9012425897310116,0.1364816466186019,17
1402,21,12,-4.369465534454434,-0.5539356623257471,20
1403,21,13,2.715562838622145,0.42887199743624604,18
1404,21,14,-2.014544570192581,-0.12536766990101844,17
1405,21,15,0.5687804055987488,0.21112868252152978,16
1406,21,16,0.18919776372299324,0.16071571432872758,16
1407,21,17,0.8728981248634544,0.2966749652459352,13
1408,21,18,-0.43169446523838045,0.0175726059874797,13
1409,21,19,4.822900433275416,1.022894808594412,13
1410,21,20,4.797991145938454,0.8162001342134824,15
1411,21,21,0.0,0.0,0
1412,21,22,-7.397895234806655,-1.6956562679306901,9
1413,21,23,-9.04046239009745,-1.9637062308029136,10
1414,21,24,-7.154057198891511,-1.7897122914895487,8
1415,21,25,-5.691856084089296,-1.7257849779797678,8
1416,21,26,-0.5497273858990083,-0.13387062104273953,7
1417,21,27,0.46341535036153536,0.10348834841678152,8
1418,21,28,-1.9980169286853113,-0.45363206993570854,9
1419,21,29,8.29718393434927,2.0230410942066257,7
1420,21,30,6.2771692692682475,1.688783881681586,5
1421,21,31,5.2757592464161585,1.2871790721758198,6
1422,21,32,2.077711610918199,0.4800426404344334,6
1423,21,33,2.077711610918199,0.4800426404344334,6
1424,21,34,2.077711610918199,0.4800426404344334,6
1425,21,35,1.5958603249314103,0.3570504006767172,7
1426,21,36,2.9206371349456828,0.629050521685952,6
1427,21,37,2.0320190401084792,0.36928550081445427,8
1428,21,38,1.4126848825056875,0.24325622192562385,8
1429,21,39,-2.850473030538805,-0.6595380865093889,7
1430,21,40,-2.863535129161372,-0.6631763286003536,7
1431,21,41,-2.863535129161372,-0.6631763286003536,7
1432,21,42,-2.538103161984833,-0.5942049612185697,6
1433,21,43,11.835925051461354,0.8552180908570877,6
1434,21,44,11.952562697456043,0.8590507228913665,6
1435,21,45,12.219297189791313,0.8727529578369508,6
1436,21,46,-3.9627433369451155,-1.069519544758283,5
1437,21,47,-3.9627433369451155,-1.069519544758283,5
1438,21,48,-3.779492303923936,-1.001618233240474,6
1439,21,49,-1.8491614538508667,-0.6098843785780298,6
1440,21,50,-2.858253130174298,-0.8477052106457881,6
1441,21,51,-2.7537973152259774,-0.8212368989546114,5
1442,21,52,-4.485785258082201,-1.2209492111451414,6
1443,21,53,-6.877541500565763,-1.5426929842232942,8
1444,21,54,-7.105004487078927,-1.5959082721422344,8
1445,21,55,-4.383345275780625,-1.0153246402728182,7
1446,21,56,-8.010619543015588,-6.401016227704031,6
1447,21,57,-8.010619543015588,-6.401016227704031,6
1448,21,58,-7.8961690398213396,-5.983810065443888,6
1449,21,59,-6.490893415401065,-1.4923926432473338,8
1450,21,60,-7.793168283998085,-4.582585671595102,7
1451,21,61,-6.681667464636981,-4.784659185103214,5
1452,21,62,-6.161472006976585,-6.250566844077528,4
1453,21,63,-7.565459184639691,-6.772065457234277,5
1454,21,64,-7.604494301355053,-6.938862854798176,5
1455,21,65,13.497830566132778,0.8344120651617014,7
1456,21,66,13.803023923754889,0.835465613712873,7
1457,21,67,13.747252994922404,0.8335305701066893,7
1458,21,68,10.314836076957265,0.6181639003944914,8
1459,21,69,10.556832121248608,0.6377435051838437,8
1460,21,70,4.762421512496694,0.25653870370055365,10
1461,21,71,8.037629947624119,0.3854651956964039,10
1462,21,72,8.037629947624119,0.3854651956964039,10
1463,21,73,8.094467659471265,0.38748196396714824,10
1464,21,74,-7.495964274486758,-1.1530228569527674,8
1465,21,75,-7.8679319459433374,-1.1966587441295715,8
1466,21,76,-9.682869350330185,-2.035714927847666,7
1467,21,77,-9.682869350330185,-2.035714927847666,7
1468,21,78,-9.825542059622801,-2.066783018336165,7
1469,21,79,-10.856169138285921,-2.8455753012644505,7
1470,22,10,-1.5182827246434794,-0.1988134489500685,20
1471,22,11,-3.19552541670661,-0.43981231044227925,18
1472,22,12,3.9862393804443443,0.6930951925573329,15
1473,22,13,2.320197182524938,0.5787483466849472,14
1474,22,14,0.0015766201606646848,0.13559055841058867,15
1475,22,15,0.1257284429400025,0.15055097273227763,15
1476,22,16,1.2149753371076775,0.3342469263391941,15
1477,22,17,-0.14261345257792868,0.06409202544155831,13
1478,22,18,4.822900433275416,1.022894808594412,13
1479,22,19,2.9523413090329735,0.5530456862390222,14
1480,22,20,8.409631991906789,1.7005670225835654,14
1481,22,21,11.131230966401061,1.5870666890640968,14
1482,22,22,0.0,0.0,0
1483,22,23,-8.320809402490227,-2.1709542331122145,9
1484,22,24,-6.3229182049197865,-1.7281511170616408,8
1485,22,25,-2.025759417262443,-0.4451595228486991,8
1486,22,26,0.46341535036153536,0.10348834841678152,8
1487,22,27,-1.6867228968901822,-0.38505591739806255,9
1488,22,28,6.2771692692682475,1.688783881681586,5
1489,22,29,6.2771692692682475,1.688783881681586,5
1490,22,30,5.018031142252433,1.2321431824430396,6
1491,22,31,2.077711610918199,0.4800426404344334,6
1492,22,32,2.077711610918199,0.4800426404344334,6
1493,22,33,1.59841114192602,0.35768693997774664,7
1494,22,34,1.7440890949674874,0.3828375283531466,7
1495,22,35,2.9411224983192326,0.6344687115004797,6
1496,22,36,2.407558125836003,0.44354494871762834,8
1497,22,37,-2.885811402887503,-0.6693895118624952,7
1498,22,38,-2.863535129161372,-0.6631763286003536,7
1499,22,39,-2.863535129161372,-0.6631763286003536,7
1500,22,40,-2.863535129161372,-0.6631763286003536,7
1501,22,41,11.835925051461354,0.8552180908570877,6
1502,22,42,12.154181084830444,0.8713451445637964,6
1503,22,43,12.219297189791313,0.8727529578369508,6
1504,22,44,-3.9627433369451155,-1.069519544758283,5
1505,22,45,-3.9627433369451155,-1.069519544758283,5
1506,22,46,-3.8984016262410424,-1.0223471796118422,6
1507,22,47,-1.9794552976828739,-0.6392335565744678,6
1508,22,48,-3.02048058181486,-0.9294201724293439,7
1509,22,49,-2.2305083052276147,-0.6962985292407264,5
1510,22,50,-4.485785258082201,-1.2209492111451414,6
1511,22,51,-5.202643027973471,-1.2381307038178304,7
1512,22,52,-5.434203670174294,-1.2956737322566874,7
1513,22,53,-4.012242107010677,-0.9335171570257318,7
1514,22,54,-6.472382123518887,-3.918384920345561,5
1515,22,55,-6.472382123518887,-3.186846672430524,6
1516,22,56,-6.718085488020945,-3.4460205323714876,6
1517,22,57,-8.348850122146906,-4.044060394437664,7
1518,22,58,-5.953373456124372,-1.3185722846385484,8
1519,22,59,-8.287168906702668,-4.169726753320811,7
1520,22,60,-6.120953239433286,-2.983543460084713,6
1521,22,61,-6.255404124225708,-3.8037931970417875,5
1522,22,62,11.672792554224946,0.798641287726639,6
1523,22,63,9.818506423492988,0.6173992080735644,7
1524,22,64,12.595307365077069,0.7137281478731967,8
1525,22,65,13.515521192505656,0.8288557337414009,8
1526,22,66,11.987351593132832,0.775470931154818,8
1527,22,67,10.308373949918602,0.44350641138069824,11
1528,22,68,9.436185613854281,0.4344539059600225,11
1529,22,69,7.8955178565370225,0.3836947340201989,12
1530,22,70,7.965145864521479,0.3796473238189963,11
1531,22,71,-8.433441878491015,-1.3075263592026394,10
1532,22,72,-8.696234916711138,-1.3429755192927082,9
1533,22,73,-8.152728004197405,-1.2280080419224617,8
1534,22,74,-7.8679319459433374,-1.1966587441295715,8
1535,22,75,-9.682869350330185,-2.035714927847666,7
1536,22,76,-9.682869350330185,-2.035714927847666,7
1537,22,77,-10.856169138285921,-2.8455753012644505,7
1538,22,78,-10.97771837777122,-2.8754686559570275,7
1539,22,79,-10.97771837777122,-2.8754686559570275,7
1540,23,10,-2.4321937510900815,-0.3175407727982917,21
1541,23,11,3.55502754554639,0.6320104785801199,15
1542,23,12,5.072190934701665,1.0277606072350336,15
1543,23,13,2.6828618447887935,0.4706363502351972,16
1544,23,14,0.7077926703688027,0.24027666781271584,15
1545,23,15,-0.9787109232205774,0.00482470865167868,14
1546,23,16,0.7232311200357361,0.1977349166246788,14
1547,23,17,4.736826298367931,1.0102449889957732,12
1548,23,18,2.9523413090329735,0.5530456862390222,14
1549,23,19,8.409631991906789,1.7005670225835654,14
1550,23,20,10.840891735406508,1.5627317410174837,14
1551,23,21,9.618695930585835,1.408125767551292,14
1552,23,22,11.072006127510777,2.0066213186842257,14
1553,23,23,0.0,0.0,0
1554,23,24,-0.061833493946367286,-0.015530204469454406,7
1555,23,25,1.0287665090444704,0.23472412232937642,8
1556,23,26,4.551303325464924,0.8500754425922638,10
1557,23,27,6.2771692692682475,1.688783881681586,5
1558,23,28,5.877362851269496,1.4581633090683286,6
1559,23,29,2.862990286213303,0.702932836692502,5
1560,23,30,2.077711610918199,0.4800426404344334,6
1561,23,31,2.077711610918199,0.4800426404344334,6
1562,23,32,1.59841114192602,0.35768693997774664,7
1563,23,33,2.0762983931824444,0.4479191488111046,7
1564,23,34,0.5045108906194012,0.10331991615930458,7
1565,23,35,-1.9330982348555867,-0.4698581506724446,7
1566,23,36,-2.850473030538805,-0.6595380865093889,7
1567,23,37,-2.863535129161372,-0.6631763286003536,7
1568,23,38,-2.863535129161372,-0.6631763286003536,7
1569,23,39,-4.2130736569378975,-1.1060221390601914,5
1570,23,40,12.102723492568373,0.869036112975653,6
1571,23,41,12.219297189791313,0.8727529578369508,6
1572,23,42,-4.169043051479654,-1.0805648957044818,5
1573,23,43,-4.092100609657663,-1.097283143693863,5
1574,23,44,-3.8984016262410424,-1.0223471796118422,6
1575,23,45,-4.215011125786894,-1.0847253598557338,6
1576,23,46,-3.02048058181486,-0.9294201724293439,7
1577,23,47,-2.3326347223805386,-0.7257894851572082,6
1578,23,48,-3.994285320468236,-1.118838650173543,6
1579,23,49,-4.714795355268519,-1.149480987552232,7
1580,23,50,-5.4327172680820395,-1.2514475316515836,7
1581,23,51,-4.179045201023388,-0.9218538990070175,7
1582,23,52,-4.179045201023388,-0.9218538990070175,7
1583,23,53,-6.741746857927374,-3.4710230872544092,6
1584,23,54,-6.741746857927374,-3.4710230872544092,6
1585,23,55,-8.25806421771113,-3.947587234632839,7
1586,23,56,-6.265687419284212,-1.387014776874429,8
1587,23,57,-5.953373456124372,-1.3185722846385484,8
1588,23,58,-8.106649029356488,-4.127512463340419,7
1589,23,59,12.348309267655479,0.8150830963388493,6
1590,23,60,11.672792554224946,0.798641287726639,6
1591,23,61,11.486531136326496,0.7895960289701771,6
1592,23,62,11.97339830936584,0.801955802354405,6
1593,23,63,12.471168323601084,0.72265596112282,8
1594,23,64,10.778877114289168,0.46999338796893414,10
1595,23,65,10.308373949918602,0.44350641138069824,11
1596,23,66,9.196492141754952,0.4205869929459353,11
1597,23,67,8.370021854914995,0.3940431504345385,11
1598,23,68,-8.701534493244612,-1.3628769657717519,11
1599,23,69,-8.433441878491015,-1.3075263592026394,10
1600,23,70,-8.805660073015382,-1.3475058542676135,10
1601,23,71,-8.805660073015382,-1.3475058542676135,10
1602,23,72,-8.501003619523122,-1.3196781988288941,9
1603,23,73,-7.9646666802832184,-1.185004334922565,9
1604,23,74,-9.497455669267,-1.9115710298455382,8
1605,23,75,-10.836705999563625,-2.8450140387336225,7
1606,23,76,-10.97771837777122,-2.8754686559570275,7
1607,23,77,-10.836883053089693,-2.8378735634490897,7
1608,23,78,-10.836883053089693,-2.8378735634490897,7
1609,23,79,-10.73396366884186,-2.8164285314840263,7
1610,24,10,-0.2720912389335298,-0.0403826310985682,17
1611,24,11,5.7299781780500485,0.9881229648285382,15
1612,24,12,-0.37431558088379885,0.09105451360260876,15
1613,24,13,0.5370527205076728,0.2154631635442956,15
1614,24,14,0.7054760798021221,0.23532382052888456,15
1615,24,15,2.292731505048459,0.5173613996133942,14
1616,24,16,4.962265641362101,1.0565488277968405,12
1617,24,17,2.6621079272557777,0.5028731672233572,14
1618,24,18,8.30265934979829,1.6781136014109448,14
1619,24,19,11.35985934908246,2.1823728426279425,14
1620,24,20,7.917689682116262,1.2064192274429724,15
1621,24,21,9.34845748472098,1.710229376250657,15
1622,24,22,6.151072392907305,1.3586034975867844,13
1623,24,23,0.3121787849838473,0.09565954161466982,14
1624,24,24,0.0,0.0,0
1625,24,25,4.551303325464924,0.8500754425922638,10
1626,24,26,6.2771692692682475,1.688783881681586,5
1627,24,27,5.2757592464161585,1.2871790721758198,6
1628,24,28,2.862990286213303,0.702932836692502,5
1629,24,29,2.077711610918199,0.4800426404344334,6
1630,24,30,2.077711610918199,0.4800426404344334,6
1631,24,31,1.6371504637687335,0.36557407731783337,7
1632,24,32,3.1588123390978002,0.6850937005181053,6
1633,24,33,2.407558125836003,0.44354494871762834,8
1634,24,34,-2.885811402887503,-0.6693895118624952,7
1635,24,35,-2.863535129161372,-0.6631763286003536,7
1636,24,36,-2.863535129161372,-0.6631763286003536,7
1637,24,37,-2.63209223433775,-0.6164421885064422,7
1638,24,38,-4.2130736569378975,-1.1060221390601914,5
1639,24,39,12.154181084830444,0.8713451445637964,6
1640,24,40,12.219297189791313,0.8727529578369508,6
1641,24,41,-4.298026562937994,-1.1074587447415194,5
1642,24,42,-3.8984016262410424,-1.0223471796118422,6
1643,24,43,-3.8984016262410424,-1.0223471796118422,6
1644,24,44,-3.02048058181486,-0.9294201724293439,7
1645,24,45,-2.994989828754874,-0.92109083950973,7
1646,24,46,-4.484340210547984,-1.1778468243136473,6
1647,24,47,-4.484340210547984,-1.1778468243136473,6
1648,24,48,-5.949804937798096,-1.3673299544606685,7
1649,24,49,-4.417603997998006,-1.0376955493153321,7
1650,24,50,-4.5020917835937935,-0.9808167144756174,8
1651,24,51,-6.741746857927374,-3.4710230872544092,6
1652,24,52,-6.741746857927374,-3.4710230872544092,6
1653,24,53,-6.60801625047811,-3.348592294366629,6
1654,24,54,-8.25806421771113,-3.947587234632839,7
1655,24,55,-5.953373456124372,-1.3185722846385484,8
1656,24,56,-5.718196163945426,-1.2317966056483995,7
1657,24,57,12.110483060283524,0.7985351371928645,7
1658,24,58,11.486531136326496,0.7895960289701771,6
1659,24,59,11.486531136326496,0.7895960289701771,6
1660,24,60,11.486531136326496,0.7895960289701771,6
1661,24,61,15.061324717936339,0.9379637681263964,8
1662,24,62,11.621753372919338,0.5291265992433021,10
1663,24,63,10.132635461419465,0.43482458723817735,11
1664,24,64,8.145920357329537,0.3573731036345407,11
1665,24,65,-8.325229958718786,-1.2241699583240637,10
1666,24,66,-8.299467678400475,-1.215263813657072,10
1667,24,67,-10.266809135699352,-2.0471610704413306,10
1668,24,68,-8.819975063882026,-1.3493487256922767,10
1669,24,69,-8.805660073015382,-1.3475058542676135,10
1670,24,70,-8.509172077044012,-1.298290117447727,10
1671,24,71,-8.203671235363572,-1.2690482517839026,9
1672,24,72,-8.091330054330797,-1.2013451626352984,9
1673,24,73,-8.859746977352486,-1.4552083095169286,9
1674,24,74,-10.654282390158423,-2.5793538269969067,8
1675,24,75,-10.592873991984607,-2.5477302298489293,8
1676,24,76,-10.489538143947303,-2.5296577520788297,8
1677,24,77,-10.871926122961078,-2.8124716141660246,7
1678,24,78,-10.572118004276627,-2.855054049747061,7
1679,24,79,-8.717222298571633,-2.2497566239038425,6
